species,subfamily,colony.size,colony.size.sample.size,colony.size.ref,poly_id,TMP_avg,TMP_sd,TMP_med,TMP_cv,PRE_avg,PRE_sd,PRE_med,PRE_cv,DTR_avg,DTR_sd,DTR_med,DTR_cv
Acanthognathus_ocellatus,Myrmicinae,10.00,6,"Kaspari & Vargo, 1995",0,22.52966667,1.548297619,22.64642857,0.073702381,175.3482024,108.1121548,161.014881,0.624571429,9.440511905,1.038107143,9.313690476,0.109071429
Acanthomyrmex_ferox,Myrmicinae,53.00,2,"Holldobler & Wilson, 1990; Kaspari & Vargo, 1995",1,25.98603846,0.587269231,25.96538462,0.022538462,237.3464231,104.6274231,226.9192308,0.442615385,8.603769231,0.798730769,8.613461538,0.093192308
Acromyrmex_balzani,Myrmicinae,1095.00,1,"Caldato et al., 2010",1,22.09179208,2.443029703,22.36039604,0.117683168,118.4827228,80.08317822,103.0628713,0.694980198,10.83368317,1.402465347,10.72128713,0.127435644
Acromyrmex_coronatus,Myrmicinae,85325.00,2,"Wetterer, 1999",1,21.75898204,1.718287425,21.92664671,0.08288024,154.6616527,103.1783533,136.5188623,0.691670659,10.41355689,1.302353293,10.24850299,0.123305389
Acromyrmex_echinatior,Myrmicinae,21548.00,52,"Ferguson-Gow, 2014; Gadau et al., 2012; Dijkstra et al., 2010; GAGA consortium",1,24.36526316,1.409947368,24.62631579,0.058315789,166.9813684,126.2552632,144.0885965,0.794052632,10.00907018,1.100578947,9.772807018,0.105947368
Acromyrmex_landolti,Myrmicinae,1000.00,1,"Beckers et al., 1989",1,22.4241165,2.117563107,22.5868932,0.105640777,115.5004563,81.98862136,96.42815534,0.806902913,10.57353398,1.280485437,10.54368932,0.12015534
Acromyrmex_lobicornis,Myrmicinae,9053.00,1,GAGA consortium,1,17.24403409,4.625579545,17.35625,0.282795455,77.05281818,45.59648864,67.69034091,0.727454545,12.15797727,1.393784091,12.20625,0.113284091
Acromyrmex_octospinosus,Myrmicinae,22005.50,10,"Ferguson-Gow, 2014; Boomsma et al., 1999; Murakami et al., 2000; Wetterer, 1999; Beckers et al., 1989",1,23.99609036,0.974927711,24.09518072,0.040963855,182.5235,109.1607892,169.1451807,0.66673494,9.987584337,1.160807229,9.884036145,0.114963855
Acromyrmex_subterraneus,Myrmicinae,4766.20,5,"Ferguson-Gow et al., 2014",1,21.52806557,2.376811475,21.73196721,0.115639344,125.277041,79.1619918,110.8827869,0.664311475,10.8562541,1.254393443,10.74139344,0.114795082
Acromyrmex_versicolor,Myrmicinae,10000.00,1,"Julian & Cahan, 1999",1,18.95286957,6.626358696,18.8173913,0.36276087,21.67946739,23.602,13.53695652,1.144934783,16.2571087,1.837652174,16.325,0.113271739
Acromyrmex_volcanus,Myrmicinae,16300.00,2,"Wetterer, 1999",1,24.4773125,0.845875,24.4375,0.0346875,242.16875,149.4479375,240.9875,0.62375,7.6638125,0.6751875,7.465625,0.0873125
Adelomyrmex_biroi,Myrmicinae,10.00,1,"Wilson, 1959",0,24.27053846,0.601769231,24.39230769,0.025076923,275.7553846,75.06069231,271.0653846,0.29,10.55530769,0.522153846,10.62307692,0.053615385
Aenictus_dentatus,Dorylinae,325000.00,2,"Schneirla, 1971; Kronauer et al., 2007",0,25.4825625,1.63590625,25.7203125,0.06828125,201.8470625,111.9829063,183.7828125,0.59,8.95475,1.0656875,8.921875,0.1166875
Aenictus_laeviceps,Dorylinae,92500.00,2,"Beckers 1989; Schneirla, 1971",0,24.43596104,2.216220779,24.76883117,0.107467532,187.642,120.4624156,166.1811688,0.683220779,9.485532468,1.50138961,9.347402597,0.153727273
Allomerus_octoarticulatus,Myrmicinae,116.00,1,"Jaffe et al., 2012",0,24.85011765,1.118852941,24.96617647,0.051235294,176.2300294,106.7645,160.3808824,0.670441176,10.29217647,1.438058824,10.11470588,0.137647059
Aneuretus_simoni,Aneuretinae,61.88,8,"Beckers et al., 1989; Jayasuriya & Traniello, 1985",1,25.12842857,0.873857143,25.15714286,0.035142857,178.4978571,120.6201429,151.6928571,0.679285714,7.528285714,1.380857143,7.3,0.183285714
Anochetus_bequaerti,Ponerinae,84.00,1,"Kaspari & Vargo, 1995",0,23.076125,1.866916667,23.36458333,0.086125,89.8915,70.09983333,73.56041667,0.876333333,11.594375,1.674958333,11.51458333,0.144916667
Anochetus_diegensis,Ponerinae,13.00,9,"Kaspari & Vargo, 1995",0,24.40107895,1.167644737,24.53486842,0.049223684,156.6812632,103.7801053,142.8934211,0.692447368,10.13731579,1.243986842,9.971052632,0.122434211
Anochetus_faurei,Ponerinae,434.00,2,"Kaspari & Vargo, 1995",0,18.7494,2.8272,19.02,0.1516,78.2182,58.248,70.96,0.7492,11.404,1.6346,11.18,0.1466
Anochetus_katonae,Ponerinae,84.00,2,"Kaspari & Vargo, 1995",0,23.73035294,1.521264706,23.87794118,0.065117647,119.6437647,90.93911765,104.8323529,0.782794118,10.34473529,1.501823529,10.30588235,0.146441176
Anochetus_levaillanti,Ponerinae,100.00,1,"Antwiki, 2015",0,18.9560566,3.94654717,19.55754717,0.215358491,38.67162264,40.33001887,24.51320755,1.070037736,14.49643396,1.687301887,14.48867925,0.116716981
Anonychomyrma_scrutator,Dolichoderinae,2500.00,2,"Holldobler & Wilson, 1990; Kaspari & Vargo, 1995",0,23.57323077,0.851769231,23.73076923,0.036,229.575,77.57292308,221.4576923,0.392769231,10.72015385,0.733846154,10.83846154,0.073
Aphaenogaster_ashmeadi,Myrmicinae,218.50,2,"King & Porter, 2007; Tschinkel, 2011",0,18.87455357,6.371464286,19.11339286,0.352375,109.6874643,62.61683929,100.5348214,0.57175,12.19375,1.44225,12.18214286,0.118625
Aphaenogaster_dromedaria,Myrmicinae,100.00,1,"Wilson, 1959",0,23.79091667,0.839166667,23.89166667,0.035916667,247.4349167,102.1485,239.3,0.417916667,10.06425,0.729083333,10.15833333,0.073583333
Aphaenogaster_flemingi,Myrmicinae,300.00,1,"King & Porter, 2007",0,20.01318421,5.817236842,20.30394737,0.302657895,114.1999211,68.35765789,103.7013158,0.596421053,11.72207895,1.409131579,11.69210526,0.120684211
Aphaenogaster_floridana,Myrmicinae,116.50,2,"King & Porter, 2007; Tschinkel, 2011",0,19.63933962,6.060339623,19.88396226,0.316603774,112.0563396,64.46871698,103.0754717,0.574528302,12.30566038,1.450792453,12.29433962,0.118264151
Aphaenogaster_fulva,Myrmicinae,281.00,1,"Geraghty et al., 2007",0,14.73894493,8.001785507,15.06492754,0.607165217,99.71766087,52.09798261,91.99695652,0.524118841,12.16366667,1.547733333,12.17304348,0.128133333
Aphaenogaster_gibbosa,Myrmicinae,400.00,1,"Parr et al., 2017",0,13.28982533,5.851480349,12.5919214,0.47249345,60.06682096,42.56947598,51.26004367,0.73550655,10.15995197,1.98258952,10.18034934,0.195947598
Aphaenogaster_lamellidens,Myrmicinae,300.00,1,"King & Porter, 2007",0,16.42148718,7.512569231,16.68948718,0.488205128,104.3187641,55.73649744,96.06333333,0.535338462,12.43389744,1.483066667,12.3974359,0.119687179
Aphaenogaster_rudis,Myrmicinae,303.00,118,"Kaspari & Vargo, 1995",0,12.1117954,8.793396419,12.5443734,0.855680307,90.7075601,46.51406394,83.67557545,0.523084399,11.95959079,1.641695652,12.02186701,0.138997442
Aphaenogaster_senilis,Myrmicinae,1225.15,198,"Boulay et al., 2007; Cronin & Monnin, 2009, Maák et al. 2017",0,15.27886957,5.72006087,14.4826087,0.389913043,50.35355652,44.74955652,39.27478261,0.89653913,10.53046087,1.889382609,10.43956522,0.18006087
Aphaenogaster_smythiesii,Myrmicinae,275.00,60,"Iwanishi et al., 2003",0,12.93,8.27252,13.654,0.73356,95.42184,86.06388,65.236,0.94,10.18692,1.62088,10.274,0.16232
Aphaenogaster_subterranea,Myrmicinae,1500.00,2,GAGA consortium; Maák et al. 2017,0,11.16505398,6.456318766,10.99125964,0.710051414,69.17715938,38.81036247,63.20899743,0.568465296,9.178344473,1.925136247,9.416709512,0.210028278
Aphaenogaster_treatae,Myrmicinae,654.00,32,"Holldobler & Wilson, 1990; King & Porter, 2007; Tschinkel, 2011",0,15.19510762,7.921215247,15.51233184,0.577098655,97.37204484,52.54200448,89.04775785,0.551421525,12.32709417,1.513300448,12.3206278,0.123547085
Apomyrma_stygia,Apomyrminae,64.75,2,"Shik, 2008; Holldobler & Wilson, 1990",1,26.13981818,1.278636364,26.21363636,0.050363636,122.2554545,85.06236364,111.4590909,0.728909091,9.038727273,1.500090909,8.963636364,0.166818182
Apterostigma_collare,Myrmicinae,23.98,128,"Ferguson-Gow, 2014",0,24.4545,0.999727273,24.48636364,0.040863636,219.3465,146.3039545,208.7340909,0.683954545,8.199318182,0.752545455,8.013636364,0.088909091
Apterostigma_dentigerum,Myrmicinae,104.33,3,"Ferguson-Gow, 2014; Tschinkel, 2011; Kaspari & Vargo, 1995",0,24.33714286,0.804785714,24.28571429,0.033071429,194.0453214,136.1609643,173.8107143,0.757392857,8.666678571,0.710142857,8.539285714,0.082428571
Apterostigma_mayri,Myrmicinae,20.00,25,"Murakami et al., 2000",0,23.34284848,1.270787879,23.52272727,0.059757576,164.7262424,103.0788485,152.3712121,0.666181818,10.54057576,1.279393939,10.40454545,0.116848485
Apterostigma_urichii,Myrmicinae,23.00,1,"Ferguson-Gow, 2014",0,24.44525,0.809653846,24.47403846,0.033384615,179.7285577,104.1474808,165.7211538,0.596019231,9.389519231,1.081711538,9.295192308,0.115980769
Atopomyrmex_mocquerysi,Myrmicinae,65000.00,1,"Holldobler & Wilson, 1990",1,23.69870423,1.757901408,23.94295775,0.07671831,98.37202817,74.78467606,83.11549296,0.846338028,11.07932394,1.527380282,11.01197183,0.136478873
Atta_cephalotes,Myrmicinae,1500000.00,3,"Ferguson-Gow, 2014; Gadau et al., 2012; Beckers et al., 1989",1,23.66208599,1.05333758,23.80191083,0.045531847,182.6927739,112.4926688,166.8232484,0.661738854,10.09894268,1.194089172,9.991878981,0.116850318
Atta_colombica,Myrmicinae,2154761.91,7,"Ferguson-Gow, 2014; Holldobler & Wilson, 1990; Jaffe et al., 2012 ",1,23.28598058,0.665184466,23.25485437,0.029563107,200.5156699,109.5933883,196.4703883,0.577485437,9.29738835,1.106776699,9.21407767,0.117854369
Atta_laevigata,Myrmicinae,3500000.00,1,"Ferguson-Gow, 2014",1,23.62304274,1.32674359,23.76923077,0.057803419,153.6650769,102.2145812,138.1418803,0.697367521,10.41255556,1.411008547,10.25769231,0.133871795
Atta_sexdens,Myrmicinae,5833333.33,3,"Ferguson-Gow, 2014; Beckers, 1989; Jaffe et al., 2012",1,22.477664,1.980816,22.6398,0.094664,142.382592,92.400296,126.07,0.681716,10.57444,1.308048,10.4504,0.122424
Atta_texana,Myrmicinae,10000000.00,1,"Beckers et al., 1989",1,20.28657937,6.208047619,20.7797619,0.310412698,75.12003175,53.21207143,62.49166667,0.75652381,12.70307937,1.533190476,12.6718254,0.12052381
Atta_vollenweideri,Myrmicinae,5500000.00,1,"Ferguson-Gow, 2014",1,19.25127778,4.426194444,19.3875,0.233916667,84.47822222,57.20119444,72.19722222,0.723138889,12.22419444,1.428916667,12.24305556,0.115055556
Azteca_constructor,Dolichoderinae,7707.00,1,"Marting et al., 2018",1,24.32940816,0.923408163,24.36938776,0.037877551,209.5705714,139.7418367,198.4806122,0.696020408,8.743081633,0.822326531,8.581632653,0.092816327
Azteca_forelii,Dolichoderinae,50000.00,1,"Beckers et al., 1989",1,24.70072727,1.342977273,24.90681818,0.054772727,165.5998636,117.3448864,146.3227273,0.773363636,9.8335,1.110068182,9.761363636,0.109068182
Azteca_muelleri,Dolichoderinae,2583.00,2,"Nagatani et al., 2021",1,19.94585714,2.427857143,20.14761905,0.125619048,137.3022857,88.29795238,120.3952381,0.664333333,10.69309524,1.317666667,10.56666667,0.121190476
Azteca_trigona,Dolichoderinae,28000.00,1,"Wheeler, 1986",1,25.4729,0.7318,25.45,0.0283,210.5114,114.4413,206.77,0.5754,9.2234,1.1936,9.13,0.1281
Basiceros_manni,Myrmicinae,24.00,3,"Holldobler & Wilson, 1990",0,24.90536,0.84912,24.856,0.03404,228.6258,147.84808,222.742,0.66632,8.0666,0.62868,7.896,0.07748
Brachymyrmex_depilis,Formicinae,111.00,2,"Geraghty et al., 2007; King & Porter, 2007",0,14.09061988,7.495116959,14.37378168,0.706651072,83.78892788,50.23615789,73.90633528,0.648536062,12.62546784,1.810912281,12.67095517,0.1448577
Brachymyrmex_patagonicus,Formicinae,550.00,1,"Keefer, 2016",0,18.40681395,3.070015504,18.5375969,0.210589147,102.7780233,78.06727907,83.36007752,0.854612403,11.58393798,1.547426357,11.60658915,0.132744186
Brachyponera_chinensis,Ponerinae,31.80,1,"Gotoh & Ito, 2008",0,15.67983099,7.198478873,16.27077465,0.558788732,138.6347676,104.5128873,110.209507,0.775943662,9.10384507,1.436915493,9.055633803,0.154859155
Brachyponera_luteipes,Ponerinae,193.00,1,"Kikuchi et al., 2007",0,22.29523636,3.387972727,22.85181818,0.249772727,145.3063909,114.3587364,118.6572727,0.821245455,9.739818182,1.845418182,9.55,0.184836364
Brachyponera_sennaarensis,Ponerinae,1082.00,14,"Dejean & Lachaud, 1994",1,24.37539344,2.125663934,24.65860656,0.090385246,83.00216393,78.63772131,58.07090164,1.068786885,12.43522951,2.082491803,12.42704918,0.163959016
Buniapone_amblyops,Ponerinae,100.00,1,GAGA consortium,0,24.97825,1.764375,25.36875,0.074291667,203.1168333,142.4547917,167.1791667,0.710291667,10.17583333,1.895416667,9.933333333,0.179125
Calomyrmex_laevissimus,Formicinae,250.00,1,"Holldobler & Wilson, 1990",0,22.9997,0.9147,23.16,0.0404,207.5774,80.9328,205.195,0.4054,10.546,0.7988,10.69,0.0786
Camponotus_aethiops,Formicinae,1850.00,2,"Laffort et al., 1991; Beckers et al., 1989",1,11.73860742,6.837554688,11.55507813,0.716732422,62.95598047,39.71622266,55.82001953,0.645089844,9.692136719,1.977746094,9.894042969,0.203457031
Camponotus_americanus,Formicinae,3560.00,1,"Geraghty et al., 2007",1,13.96177834,8.456551637,14.36662469,0.675287154,92.03488413,49.32831486,84.18967254,0.554924433,12.37920151,1.591264484,12.39760705,0.129702771
Camponotus_castaneus,Formicinae,350.00,1,"King & Porter, 2007",1,15.84069811,7.703070081,16.14986523,0.532727763,102.0296496,54.49773585,93.8296496,0.536291105,12.15394879,1.504983827,12.14501348,0.124431267
Camponotus_chromaiodes,Formicinae,3560.00,1,"Geraghty et al., 2007",1,13.44234139,8.450516616,13.76404834,0.682758308,97.27266163,48.50102417,90.37628399,0.500202417,12.08985196,1.593534743,12.12356495,0.132728097
Camponotus_compressus,Formicinae,5000.00,1,"Mysore et al., 2009",1,22.05282353,4.120558824,22.64852941,0.283558824,125.7776471,136.7809412,66.39558824,1.054205882,11.00432353,2.227676471,11.31470588,0.202617647
Camponotus_consobrinus,Formicinae,5500.00,1,"Fjerdingstad & Crozier, 2006",1,16.27746629,4.795016854,16.33511236,0.299898876,55.0154382,40.52372472,45.94578652,0.758061798,12.91873034,1.996668539,13.01853933,0.156983146
Camponotus_discolor,Formicinae,70.00,1,"King & Porter, 2007",1,17.02841096,7.89869863,17.55342466,0.524972603,75.14256849,50.62987671,64.59246575,0.710910959,12.73210274,1.571643836,12.70787671,0.124191781
Camponotus_fellah,Formicinae,10000.00,1,GAGA consortium,1,20.66462745,6.053431373,21.15098039,0.312176471,19.51676471,23.57023529,9.765686275,1.423019608,12.22405882,1.443627451,12.3245098,0.118019608
Camponotus_festinatus,Formicinae,3000.00,1,"Jaffe et al., 2012",1,18.40163934,6.249807377,18.57540984,0.360413934,42.40751639,39.1775123,29.43196721,1.011610656,15.14027049,1.810758197,15.1875,0.120040984
Camponotus_floridanus,Formicinae,10000.00,1,"King & Porter, 2007",1,20.91441304,5.337304348,21.24456522,0.262967391,114.6908043,72.14719565,102.2304348,0.628891304,11.53020652,1.380391304,11.5048913,0.120097826
Camponotus_herculeanus,Formicinae,7479.83,6,"Akre et al., 1994; Holldobler & Wilson, 1990; Kaspari & Vargo, 1995",1,4.341115956,9.091225966,4.637314172,6.844702676,60.73947671,34.98638553,53.74271556,0.607896928,10.62810902,2.058243806,10.73899901,0.203404361
Camponotus_japonicus,Formicinae,1500.00,1,GAGA consortium,1,11.51746243,9.094184971,12.33959538,-0.155606936,111.7515723,85.89564162,86.03872832,0.80665896,9.642560694,1.434554913,9.667052023,0.149202312
Camponotus_laevigatus,Formicinae,1000.00,1,"Akre et al., 1994",1,9.195817204,7.242854839,8.953763441,1.056295699,53.10004839,48.36566129,38.8733871,0.891607527,15.18511828,2.615204301,15.25080645,0.180956989
Camponotus_lateralis,Formicinae,1000.00,1,"Parr et al., 2017",1,13.50075926,6.322041667,13.06284722,0.513175926,61.24996759,43.7915625,51.94988426,0.739298611,9.886717593,1.827365741,9.987847222,0.185256944
Camponotus_ligniperda,Formicinae,5500.00,1,"Jaffe et al., 2012",1,8.212781316,7.002036093,8.132271762,1.209112527,70.3123482,38.07711253,64.40690021,0.542055202,8.635757962,2.054067941,8.887791932,0.240494692
Camponotus_modoc,Formicinae,16825.25,20,"Akre et al., 1994",1,7.277790909,7.680084848,7.297424242,27.17026061,60.31461212,46.23166061,48.79878788,0.776060606,14.35390303,2.584269697,14.36666667,0.191227273
Camponotus_nawai,Formicinae,300.00,1,"Satoh, 1989",1,13.80225,7.882075,14.2575,0.596775,155.7272,95.20655,135.39875,0.6073,8.53275,1.211525,8.545,0.141825
Camponotus_nearcticus,Formicinae,69.00,1,"Geraghty et al., 2007",1,12.26777565,8.722062609,12.72904348,1.17058087,81.54603652,45.59915826,73.60747826,0.590526957,12.34825217,1.729474783,12.40582609,0.14184
Camponotus_novaeboracensis,Formicinae,9633.33,3,"Akre et al., 1994; Kaspari & Vargo, 1995",1,7.120291954,9.826708046,7.79862069,2.357822989,71.11089885,37.79558161,64.22954023,0.562809195,11.82048276,1.944531034,11.95862069,0.167478161
Camponotus_pennsylvanicus,Formicinae,2024.40,5,"Akre et al., 1994; Geraghty et al., 2007; Beckers et al., 1989",1,12.43047614,8.854467259,12.91426193,0.937690344,86.03412875,46.18125638,78.45621532,0.559005549,12.1842586,1.657295228,12.23773585,0.137943396
Camponotus_pilicornis,Formicinae,1000.00,1,"Parr et al., 2017",1,13.8232314,5.830892562,13.01652893,0.438958678,55.89552893,44.03029752,45.95950413,0.793991736,10.33618182,1.96231405,10.30661157,0.188942149
Camponotus_rufipes,Formicinae,509.00,1,"Diniz-Filho et al., 1994",1,20.61313402,2.612123711,20.84097938,0.133654639,117.7124536,76.14646392,103.0762887,0.676113402,11.03563402,1.324994845,10.93634021,0.118242268
Camponotus_sericeus,Formicinae,425.00,2,"Basalingappa et al., 1986; Beckers et al., 1989",1,24.24802312,3.093589595,24.58294798,0.133028902,65.91786127,66.18871676,42.22080925,1.179398844,12.26976879,1.943606936,12.29913295,0.158554913
Camponotus_singularis,Formicinae,1000.00,1,GAGA consortium,1,24.06251163,2.315813953,24.63023256,0.104744186,177.8282558,126.2756279,148.6895349,0.764976744,9.828627907,2.02055814,9.586046512,0.194488372
Camponotus_socius,Formicinae,302.20,15,"King & Porter, 2007; Tschinkel, 2005; Tschinkel, 2011",1,19.86871429,5.938350649,20.13246753,0.309883117,114.2475195,67.40527273,103.8551948,0.589623377,11.98105195,1.418701299,11.95974026,0.118805195
Camponotus_subbarbatus,Formicinae,3560.00,1,"Geraghty et al., 2007",1,12.86599457,8.622336957,13.21983696,0.71948913,95.50908696,46.92395109,88.99646739,0.491717391,12.00182609,1.641201087,12.05217391,0.137940217
Camponotus_vicinus,Formicinae,21678.86,8,"Akre et al., 1994",1,10.15588829,7.610913514,10.10468468,1.081165766,43.53227568,38.01083964,32.41594595,0.872392793,15.31265946,2.417374775,15.36441441,0.164953153
Camponotus_yamaokai,Formicinae,30.80,14,"Ghosh & Cronin, 2021",1,12.77751429,8.077971429,13.20428571,0.673657143,142.8800286,88.21402857,123.5242857,0.613657143,8.891971429,1.275714286,8.897142857,0.143171429
Cardiocondyla_batesii,Myrmicinae,207.50,2,"Schrempf et al., 2005; Heatwole & Muir 1991",0,17.19581356,6.026661017,16.58644068,0.359067797,33.08776271,30.65962712,25.00762712,0.993881356,11.32832203,1.494372881,11.25084746,0.133355932
Cardiocondyla_elegans,Myrmicinae,204.00,42,"Lenoir et al., 2007",0,12.98275833,6.678525,12.83416667,0.56985,66.227775,44.722275,56.89583333,0.689766667,9.681058333,1.830675,9.895833333,0.188658333
Cardiocondyla_paradoxa,Myrmicinae,50.00,1,"Holldobler & Wilson, 1990",0,23.33222222,0.754888889,23.42222222,0.033111111,240.5506667,81.04422222,237.4388889,0.339888889,10.07611111,0.737666667,10.15555556,0.073888889
Cardiocondyla_thoracica,Myrmicinae,70.00,1,"Holldobler & Wilson, 1990",0,24.74428571,1.134571429,24.98571429,0.045285714,221.6664286,118.7902857,181.5285714,0.723571429,9.832,0.774285714,9.871428571,0.086142857
Cardiocondyla_venustula,Myrmicinae,100.00,350,"Jacobs & Heinze, 2017",0,19.95928571,3.593071429,20.74642857,0.192285714,69.76085714,69.04314286,50.86071429,1.081357143,13.57578571,1.935714286,13.51785714,0.143214286
Carebara_affinis,Myrmicinae,210.00,1,"Wang et al., 2020",1,24.60852206,2.019823529,25.03566176,0.095242647,169.2755294,123.8077132,139.0647059,0.797911765,9.879367647,1.739654412,9.73125,0.169875
Carebara_diversa,Myrmicinae,175600.00,5,"Kaspari & Vargo, 1995; Beckers et al., 1989",1,25.31134286,2.309638095,25.81333333,0.096133333,154.5165048,126.6432857,124.0057143,0.838761905,9.630371429,1.967666667,9.42,0.195885714
Carebara_pygmaea,Myrmicinae,11000.00,6,"Holldobler & Wilson, 1990",1,26.11616129,0.925193548,26.17096774,0.035096774,209.7465484,125.379129,189.8225806,0.619709677,9.127935484,1.280290323,9.006451613,0.137677419
Carebara_urichi,Myrmicinae,438.67,3,"Holldobler & Wilson, 1990; Beckers et al., 1989",1,24.00298438,1.3848125,24.20234375,0.059796875,176.5145938,118.2652188,157.0613281,0.711960938,9.802875,1.14509375,9.623828125,0.115179688
Cataglyphis_bicolor,Formicinae,2000.00,1,"Beckers et al., 1989",1,18.564864,6.101136,18.1344,0.345824,31.36516,28.865664,23.546,1.074856,11.980528,1.545712,11.8964,0.13016
Cataglyphis_bombycina,Formicinae,3106.90,22,"Aron et al., 2016; Heatwole & Muir 1991",1,21.27983529,6.587023529,21.61588235,0.3146,9.860176471,10.4178,6.561176471,1.424776471,13.01736471,1.048141176,12.99647059,0.081870588
Cataglyphis_emmae,Formicinae,485.71,38,"Jowers et al., 2013",1,20.95281481,6.713962963,20.92222222,0.331296296,12.09807407,13.28040741,7.662962963,1.214703704,12.8302963,1.012666667,12.79444444,0.079518519
Cataglyphis_floricola,Formicinae,127.70,14,"Ruano & Tinaut, 1993; Amor et al. 2017",0,17.7795,5.267,17.1125,0.2965,49.25925,51.9715,34.6875,1.055,10.617,1.8655,10.6125,0.17525
Cataglyphis_holgerseni,Formicinae,3000.00,1,"Aron et al., 2016",1,22.772125,6.0113125,23.446875,0.267125,8.5225,12.733375,2.76875,1.53275,13.0479375,1.299625,13.125,0.0995
Cataglyphis_livida,Formicinae,147.00,17,"Timmermans et al., 2010",1,15.21925926,7.13362963,15.56666667,0.558444444,46.36059259,43.52937037,35.32037037,1.072518519,11.14785185,2.06662963,11.26111111,0.188111111
Cataglyphis_piliscapa,Formicinae,752.40,57,"Pearcy & Aron, 2006",1,13.15235294,6.111764706,12.46764706,0.474529412,57.12029412,39.08341176,49.22647059,0.697882353,10.29570588,1.757470588,10.31470588,0.170411765
Cataglyphis_rosenhaueri,Formicinae,726.00,11,"Ruano, 1993",1,15.15432,6.13048,14.214,0.41508,48.99004,44.6346,38.496,0.90624,11.43924,2.3176,11.332,0.20188
Cataglyphis_rubra,Formicinae,1400.00,1,"Heatwole & Muir, 1991",1,20.57888571,6.535057143,20.54857143,0.3354,18.17774286,19.18602857,12.23714286,1.238885714,12.21422857,1.231885714,12.15714286,0.103142857
Cataglyphis_sabulosa,Formicinae,185.72,29,"Timmermans et al., 2008",0,23.10053846,5.897153846,23.83461538,0.261923077,14.35084615,21.28969231,3.8,1.542384615,12.24607692,1.157153846,12.34615385,0.095846154
Cataglyphis_savignyi,Formicinae,536.20,13,"Leniaud et al., 2011",1,20.8820375,5.9901625,21.09375,0.2999625,18.5060125,21.8209875,9.836875,1.3770875,12.27435,1.2943875,12.280625,0.1065
Cataglyphis_tartessica,Formicinae,154.30,184,"Amor & Ortega, 2014, Amor et al. 2017, Amor et al. 2021",0,17.721,5.43425,17.0375,0.30675,50.70925,53.44625,35.8125,1.054,11.1745,2.0335,11.1625,0.181
Cataulacus_mckeyi,Myrmicinae,246.32,76,"Debout et al., 2009; Debout et al., 2005",0,26.7685,0.9825,26.95,0.037,237.8955,144.338,219.725,0.6065,7.0165,0.9145,7.05,0.1305
Centromyrmex_bequaerti,Ponerinae,347.22,9,"Dejean & Feneron, 1996",1,23.48002778,1.396888889,23.80555556,0.06225,124.0676944,92.08997222,111.6430556,0.823194444,11.04280556,1.672583333,10.86527778,0.144833333
Centromyrmex_sellaris,Ponerinae,408.00,1,"Holldobler & Wilson, 1990",0,23.88728205,1.644384615,24.15769231,0.071692308,110.0038205,85.53625641,92.81025641,0.842820513,11.22769231,1.774076923,11.13589744,0.157794872
Cephalotes_minutus,Myrmicinae,150.00,1,GAGA consortium,1,24.0789542,1.505973282,24.29790076,0.064522901,150.2876641,107.5354542,130.8917939,0.754259542,10.31509924,1.263083969,10.17290076,0.120419847
Cephalotes_persimilis,Myrmicinae,508.00,1,"Powell & Peretz, 2021",1,24.00333333,2.16137037,24.33703704,0.091851852,99.30581481,79.027,80.71296296,0.813814815,11.29451852,1.495666667,11.19814815,0.131111111
Cephalotes_rohweri,Myrmicinae,191.00,1,"Powell et al., 2017",1,20.57353846,6.492769231,20.53076923,0.338384615,30.143,34.34484615,16.4,1.125692308,15.22976923,2.067923077,15.36923077,0.136153846
Cephalotes_varians,Myrmicinae,1000.00,1,"Beckers et al., 1989",1,24.64292308,2.290846154,24.96923077,0.093346154,119.4659615,90.33026923,99.52884615,0.756576923,9.711730769,0.985576923,9.626923077,0.102538462
Cerapachys_sulcinodis,Dorylinae,780.88,34,"Mizuno et al., 2022",0,22.72389744,2.908794872,23.3,0.168307692,140.5110769,104.898,119.9769231,0.782948718,9.824538462,1.951,9.594871795,0.187589744
Crematogaster_abstinens,Myrmicinae,1291.00,10,"Martins Segundo et al., 2017",0,23.99759677,1.397822581,24.13629032,0.061112903,141.4553871,96.14303226,131.116129,0.715209677,9.66,1.242241935,9.567741935,0.127145161
Crematogaster_ashmeadi,Myrmicinae,10000.00,1,"King & Porter, 2007",0,17.95217007,6.930877551,18.22040816,0.406027211,106.1528878,60.06343878,96.30612245,0.57427551,12.37184354,1.445370748,12.32704082,0.117129252
Crematogaster_auberti,Myrmicinae,650.00,1,"Parr et al., 2017",0,14.30466129,5.804865591,13.49677419,0.423225806,52.89520968,42.43163978,43.07688172,0.817413978,10.47921505,1.917731183,10.43198925,0.183467742
Crematogaster_biroi,Myrmicinae,148.96,25,"Peeters et al., 2013",1,21.93512,4.5094,22.754,0.2268,139.48332,116.23712,107.06,0.86356,8.50988,1.45512,8.428,0.1688
Crematogaster_dohrni,Myrmicinae,31318.50,2,"Holldobler & Wilson, 1990",0,25.90213333,1.587533333,26.29333333,0.063066667,147.2364,122.1282,113.6933333,0.851933333,8.6762,1.680733333,8.436666667,0.1866
Crematogaster_elegans,Myrmicinae,300.00,1,"Holldobler & Wilson, 1990",0,23.4275,0.7595,23.55,0.032,417.4325,93.74,417.175,0.242,11.6835,0.4935,11.75,0.0475
Crematogaster_irritabilis,Myrmicinae,5000.00,1,"Holldobler & Wilson, 1990",0,24.81875,0.6165,24.95,0.0245,256.38825,79.8425,249.05,0.3675,11.95025,0.47325,11.85,0.04675
Crematogaster_lineolata,Myrmicinae,200.00,1,"King & Porter, 2007",0,14.20391574,8.300869888,14.53395291,0.707201983,73.2550285,44.08668154,64.8260223,0.674270136,13.44224659,1.652783147,13.4586741,0.124993804
Crematogaster_mimosae,Myrmicinae,6900.00,1,"Prior & Palmer, 2018",0,22.86609091,2.586181818,23.16818182,0.109,44.49409091,45.25236364,27.96818182,1.292727273,12.40018182,1.585181818,12.15454545,0.128272727
Crematogaster_minutissima,Myrmicinae,191.00,3,"Heinze et al., 1999; Geraghty et al., 2007; King & Porter, 2007",0,18.18350251,6.710015075,18.43869347,0.393025126,95.58248241,58.91920101,84.40351759,0.664994975,12.94963317,1.517643216,12.91331658,0.117552764
Crematogaster_osakensis,Myrmicinae,2292.60,5,"Gotoh et al., 2017",0,13.382712,8.017824,14.0308,0.656368,127.635728,98.998176,97.908,0.798784,9.476456,1.51432,9.4712,0.157448
Crematogaster_pygmaea,Myrmicinae,190.00,8,"Hamidi et al., 2017",1,26.568,0.823,26.6,0.031,88.284,107.65,37.4,1.219,7.107,0.719,7.2,0.101
Crematogaster_scutellaris,Myrmicinae,178.50,36,"Giannetti et al., 2019",0,13.81173522,6.06577892,13.2059126,0.478974293,59.65640874,42.05800257,51.23933162,0.739840617,9.834794344,1.752071979,9.8718509,0.17855527
Crematogaster_sordidula,Myrmicinae,750.00,1,"Parr et al., 2017",0,13.60691386,6.551985019,13.17228464,0.520011236,55.16013858,41.14125843,46.37097378,0.760681648,10.34194757,1.948041199,10.42808989,0.187097378
Crematogaster_sumichrasti,Myrmicinae,1000.00,1,"Beckers et al., 1989",0,23.46508621,1.485241379,23.73017241,0.064793103,168.3743966,129.7882931,137.7793103,0.818362069,10.40994828,1.310724138,10.2112069,0.121413793
Cryptopone_motschulskyi,Ponerinae,20.00,1,"Holldobler & Wilson, 1990",0,24.052375,0.8615,24.175,0.036125,239.300125,105.280625,229.08125,0.44825,9.25125,0.765125,9.35,0.085
Cyphomyrmex_cornutus,Myrmicinae,2021.75,4,"Adams & Longino, 2007",0,22.4613,0.766933333,22.475,0.0342,228.3349,136.1973667,211.3716667,0.636066667,9.226866667,0.9429,9.065,0.103266667
Cyphomyrmex_costatus,Myrmicinae,99.17,55,"Hammond & Keller, 2004; Ferguson-Gow, 2014; Murakami et al., 2000",0,24.13836364,1.124272727,24.31090909,0.046836364,191.7843455,120.8541091,176.4345455,0.650381818,9.596981818,1.066218182,9.449090909,0.111018182
Cyphomyrmex_longiscapus,Myrmicinae,55.34,204,"Hammond & Keller, 2004; Ferguson-Gow, 2014",0,22.55361538,0.661076923,22.49230769,0.029538462,235.2866923,126.0443846,244.3153846,0.540307692,8.197461538,0.847615385,8.103846154,0.102384615
Cyphomyrmex_minutus,Myrmicinae,150.00,1,"King & Porter, 2007",0,23.73554194,2.214625806,23.98419355,0.098019355,133.542129,88.0358129,119.426129,0.676425806,10.11378065,1.114632258,10.02225806,0.109967742
Cyphomyrmex_rimosus,Myrmicinae,64.49,73,"King & Porter, 2007; Shik, 2008; Murakami et al., 2000; Holldobler & Wilson, 1990; Beckers et al., 1989",0,22.80173171,2.055036585,23.03821138,0.098817073,139.9935772,93.29707724,123.0936992,0.719394309,10.76167886,1.279560976,10.67479675,0.11703252
Dacetinops_cibdelus,Myrmicinae,10.00,1,"Holldobler & Wilson, 1990",0,23.7022,0.9002,23.84,0.0386,235.2186,93.5506,234.43,0.3964,10.1248,0.7362,10.22,0.0728
Daceton_armigerum,Myrmicinae,2650.00,2,"Holldobler & Wilson, 1990",1,26.09361728,0.844098765,26.12716049,0.032469136,199.3112716,117.5848765,182.9351852,0.615839506,9.888185185,1.257382716,9.709876543,0.125555556
Discothyrea_kamiteta,Proceratiinae,73.00,1,"Katayama, 2013",0,23.685,4.0365,24.65,0.1715,147.8375,132.614,98.075,0.8965,7.754,1.226,7.75,0.158
Dolichoderus_imitator,Dolichoderinae,25.00,7,"Kaspari & Vargo, 1995",0,25.14070192,0.966336538,25.21298077,0.042596154,186.6652788,112.0015673,172.9331731,0.638105769,9.633721154,1.292990385,9.502403846,0.132096154
Dolichoderus_mariae,Dolichoderinae,1041000.00,1,"Laskis & Tschinkel, 2009",0,12.57086022,8.483913978,12.88817204,0.844010753,95.66791398,47.38396774,89.24354839,0.498924731,11.95749462,1.586193548,12.01236559,0.134451613
Dolichoderus_pustulatus,Dolichoderinae,445.00,1,"Kannowski, 1967",0,11.80446951,8.584878049,12.25853659,0.802634146,90.78539024,46.70017683,83.57987805,0.51675,11.5229939,1.641493902,11.60365854,0.143829268
Dorylus_laevigatus,Dorylinae,325000.00,1,"Berghoff et al., 2002",1,25.13548649,1.246,25.37027027,0.051324324,205.2223514,114.7802973,189.2864865,0.600837838,9.85727027,1.351216216,9.712162162,0.13327027
Dorylus_nigricans,Dorylinae,8018400.00,2,"Beckers et al., 1989; Barth et al., 2014",1,24.23708333,1.353583333,24.37083333,0.056875,124.8029583,95.66733333,107.5951389,0.795930556,9.986375,1.483597222,9.929166667,0.146819444
Dorylus_wilverthi,Dorylinae,14750000.00,2,"Kaspari & Vargo, 1995; Beckers et al., 1989",1,23.74362963,0.859592593,23.72962963,0.036444444,125.0987407,62.32018519,128.5166667,0.502740741,10.87659259,1.01962963,10.72962963,0.093
Dorymyrmex_bicolor,Dolichoderinae,10000.00,1,"Fjerdingstad & Crozier, 2006",0,17.14320386,6.530482094,17.18953168,0.437286501,41.80247107,40.7270854,27.51887052,1.033633609,15.13133333,1.934672176,15.20344353,0.128267218
Dorymyrmex_biconis,Dolichoderinae,5000.00,1,"Beckers et al., 1989",0,23.01597059,0.881235294,23.07647059,0.038882353,116.1824412,78.38488235,103.95,0.730411765,9.347029412,1.111705882,9.288235294,0.118794118
Dorymyrmex_bossutus,Dolichoderinae,1000.00,1,"King & Porter, 2007",0,21.56984375,4.9740625,21.953125,0.23453125,113.877625,73.8588125,101.125,0.648875,11.41034375,1.4064375,11.3921875,0.1238125
Dorymyrmex_bureni,Dolichoderinae,1000.00,1,"King & Porter, 2007",0,19.07549738,6.103801047,19.31963351,0.335806283,107.4422775,63.55594241,96.17408377,0.609774869,12.40724084,1.467670157,12.37303665,0.118534031
Dorymyrmex_elegans,Dolichoderinae,1000.00,1,"King & Porter, 2007",0,21.815,4.866375,22.30625,0.223875,105.11125,73.503625,90.49375,0.730875,12.1745,1.4605,12.2125,0.119875
Dorymyrmex_grandulus,Dolichoderinae,1000.00,1,"King & Porter, 2007",0,16.97487879,6.249090909,17.24090909,0.430727273,98.74139394,58.64351515,87.78939394,0.620121212,12.61451515,1.64769697,12.72727273,0.131212121
Dorymyrmex_reginicula,Dolichoderinae,1000.00,1,"King & Porter, 2007",0,22.17172222,4.531777778,22.63611111,0.206388889,113.8773333,76.44872222,100.675,0.671111111,11.23627778,1.370666667,11.18611111,0.122333333
Eciton_burchellii,Dorylinae,699995.00,4,"Shik, 2008; Holldobler & Wilson, 1990; Schneirla, 1971; Kaspari & Vargo, 1995",1,23.26858033,1.397386885,23.42901639,0.063154098,160.1286131,106.0358721,141.3762295,0.712947541,10.17316393,1.23977377,10.0604918,0.119452459
Eciton_hamatum,Dorylinae,250000.00,2,"Shik, 2008; Holldobler & Wilson, 1990",1,24.1994,1.028888235,24.30176471,0.044194118,192.6325235,122.8382941,174.4620588,0.687258824,9.760382353,1.075611765,9.634117647,0.109011765
Eciton_mexicanum,Dorylinae,500000.00,1,"Barth et al., 2014",1,23.93631373,1.584980392,24.17990196,0.070205882,159.6766176,116.2125294,135.0485294,0.788078431,10.51729412,1.329647059,10.41470588,0.122009804
Eciton_rapax,Dorylinae,275000.00,1,"Beckers et al., 1989",1,23.19065957,0.973914894,23.30638298,0.054361702,185.9945106,109.615383,169.8319149,0.654404255,11.08895745,1.461191489,10.95851064,0.129638298
Eciton_vagans,Dorylinae,250000.00,1,"Rettenmeyer, 1963",1,23.445096,1.479544,23.6168,0.06504,168.810472,109.737192,150.8816,0.709528,9.99752,1.213992,9.8744,0.118688
Ectatomma_brunneum,Ectatomminae,42.00,11,"Vieira & Antonialli-Junior, 2006",0,23.92341597,1.597676471,24.14264706,0.070991597,143.2450882,95.48210084,125.9214286,0.717428571,10.43171849,1.353155462,10.30168067,0.128743697
Ectatomma_edentatum,Ectatomminae,104.00,1,"Antonialli & Giannotti, 2001",0,22.84908295,2.01818894,23.02741935,0.096207373,143.2643779,92.25300922,127.8117512,0.677258065,10.38202765,1.278506912,10.25483871,0.121585253
Ectatomma_ruidum,Ectatomminae,81.88,107,"Lenoir et al., 2011; Kaspari & Vargo, 1995; Beckers et al., 1989",0,23.98056652,1.045484979,24.06652361,0.044502146,170.0065579,111.5059399,150.0051502,0.740939914,10.10364807,1.191695279,10.00772532,0.115064378
Ectatomma_tuberculatum,Ectatomminae,381.09,155,"Hora, 2005; Hora et al., 2007; Perez-Lachaud et al,. 2010; Hora et al., 2001; Perez-Lachaud et al., 2011",0,24.18278497,1.346256477,24.37487047,0.057976684,165.7795984,105.8978264,148.5430052,0.702870466,10.28108549,1.252533679,10.16528497,0.119559585
Ectomomyrmex_striatulus,Ponerinae,15.00,2,"Holldobler & Wilson, 1990",0,22.76028571,0.895428571,22.92857143,0.039428571,217.2148571,87.20928571,212.9142857,0.416285714,9.837571429,0.812714286,9.971428571,0.083142857
Euponera_fossigera,Ponerinae,50.00,1,"Villet, 1994",0,18.90933333,3.752333333,19.16666667,0.2,63.957,48.47866667,57.01666667,0.871666667,12.405,1.54,12.23333333,0.136
Euponera_pilosior,Ponerinae,8.00,1,GAGA consortium,0,13.48909677,7.939354839,14.05483871,0.650387097,140.2445806,97.59706452,114.7225806,0.713387097,9.182032258,1.469806452,9.174193548,0.158354839
Euponera_wroughtonii,Ponerinae,500.00,1,"Villet, 1990",0,16.785125,3.443208333,17.25,0.227291667,64.02770833,52.06554167,52.55208333,0.810791667,13.06075,1.550625,12.88333333,0.117083333
Euprenolepis_procera,Formicinae,5000.00,8,"Volker & Ulrich, 2008",1,25.48761111,0.602166667,25.47222222,0.023555556,232.0487222,100.824,225.4666667,0.435611111,8.938833333,0.732444444,8.955555556,0.082333333
Eurhopalothrix_biroi,Myrmicinae,50.00,1,"Wilson, 1959",0,23.25128571,0.836285714,23.35714286,0.036714286,244.9638571,88.05028571,241.5,0.367285714,11.07871429,0.688142857,11.14285714,0.065714286
Eurhopalothrix_floridana,Myrmicinae,100.00,1,"King & Porter, 2007",0,22.09163043,4.445021739,22.4826087,0.205891304,116.7136522,76.40406522,103.375,0.656173913,11.28654348,1.334847826,11.25217391,0.118326087
Eutetramorium_mocquerysi,Myrmicinae,44.00,14,"Heinze et al., 1999",0,22.39670588,1.734647059,22.83529412,0.078117647,178.9428824,125.8458235,137.2941176,0.721411765,8.554941176,0.576882353,8.458823529,0.067
Forelius_mccooki,Dolichoderinae,10000.00,1,"Fjerdingstad & Crozier, 2006",0,17.75012959,6.990669546,17.99460043,0.424194384,55.64621598,43.18180562,43.84211663,0.891637149,14.49589633,1.744144708,14.50637149,0.120647948
Forelius_pruinosus,Dolichoderinae,10000.00,1,"King & Porter, 2007",0,16.55595386,7.007963091,16.76153403,0.505452134,63.27610381,45.93941176,51.88344867,0.825914648,14.14495271,1.764032295,14.16799308,0.124853518
Formica_archboldi,Formicinae,500.00,1,"King & Porter, 2007",0,21.09305405,5.270054054,21.49054054,0.255918919,112.8457838,72.19783784,100.2662162,0.639702703,11.73927027,1.430459459,11.73513514,0.122243243
Formica_argentea,Formicinae,51.00,5,"Snyder, 1992",0,7.69845521,8.794473492,8.02797075,1.840149909,52.95353016,37.45546984,43.68464351,0.74845521,13.93450457,2.362815356,13.99140768,0.174513711
Formica_bradleyi,Formicinae,690.33,20,"Halverson et al., 1976",0,6.633877551,10.1475102,7.368367347,2.20355102,36.83114286,29.29683673,28.22959184,0.805959184,14.91265306,2.094040816,14.86836735,0.143897959
Formica_bruni,Formicinae,1400.00,1,"Beckers et al., 1989",0,7.839642857,6.750464286,7.691071429,0.661,76.25335714,40.46107143,70.4625,0.543785714,8.643464286,2.004642857,8.9,0.232964286
Formica_candida,Formicinae,2318.18,11,"Helantera & Sundstrom, 2007; Jaffe et al., 2012",0,1.116431034,10.83622414,2.406896552,-5.009689655,50.31994828,44.94255172,34.01637931,0.895362069,11.82081034,1.676637931,11.84310345,0.145310345
Formica_cunicularia,Formicinae,1250.00,2,"Parr et al., 2017; Beckers et al., 1989",0,10.15745949,6.881555018,10.15181378,0.895252721,64.05272793,36.41189359,58.11348247,0.58362757,9.231424426,2.032498186,9.46191052,0.222177751
Formica_dolosa,Formicinae,499.00,3,"King & Trager, 2007",0,14.65060733,8.051235602,14.97722513,0.63304712,97.31823037,52.08558639,89.33926702,0.54834555,12.41963874,1.523984293,12.41204188,0.123403141
Formica_exsectoides,Formicinae,139938.00,2,"Holldobler & Wilson, 1990; Kaspari & Vargo, 1995",0,9.39038191,9.248,9.840452261,1.291040201,84.78828141,40.41509548,78.97236181,0.488713568,11.62583417,1.708286432,11.74698492,0.148788945
Formica_fusca,Formicinae,979.47,19,"Holldobler & Wilson, 1990; Helantera & Sundstrom, 2007; Helantera & Sundstrom, 2005; Hannonen et al., 2004; Somogyi et al., 2020",0,8.533881687,6.781243827,8.386934156,0.772478395,67.17131996,37.11671502,61.24799383,0.559521605,8.592067901,1.984693416,8.752572016,0.23375
Formica_incerta,Formicinae,714.00,24,"Holldobler & Wilson, 1990",0,10.46746471,9.334682353,10.97382353,0.968417647,85.68042941,43.3583,78.87470588,0.518041176,11.59049412,1.623329412,11.66794118,0.140694118
Formica_japonica,Formicinae,2495.00,4,"Holldobler & Wilson, 1990; Kaspari & Vargo, 1995",0,11.76715758,8.734242424,12.46848485,0.194666667,121.2284424,89.14209091,95.28,0.764824242,9.263824242,1.356739394,9.274545455,0.146036364
Formica_neorufibarbis,Formicinae,150.00,1,"Billick, 2002",0,4.434506472,9.35673301,4.813592233,10.08214401,57.20720388,36.2972767,49.08187702,0.675729773,12.84723301,2.265731392,12.88276699,0.182859223
Formica_pallidefulva,Formicinae,2209.54,26,"Holldobler & Wilson, 1990; King & Porter, 2007",0,12.79393581,8.5669375,13.18040541,0.775814189,83.46357264,45.48814696,75.94577703,0.574160473,12.56175,1.685932432,12.60920608,0.136380068
Formica_picea,Formicinae,650.00,1,"Seifert, 2017",0,6.380339181,7.722163743,6.569005848,-2.977625731,62.1957076,34.81867251,55.43099415,0.584847953,8.966795322,1.964093567,9.151169591,0.228374269
Formica_podzolica,Formicinae,22500.00,1,"Deslippe & Savoleinen, 1995",1,4.669915212,9.833309227,5.312094763,22.86217955,52.02012968,30.62365586,45.33466334,0.647269327,13.26064339,2.212097257,13.30523691,0.172446384
Formica_pratensis,Formicinae,95555.55,9,"Helantera & Sundstrom, 2007; Beckers et al., 1989",0,8.235034976,7.271575517,8.205564388,1.221588235,65.57785374,35.78279173,59.92337043,0.552240064,8.879597774,2.057197138,9.085214626,0.235341812
Formica_pressilabris,Formicinae,12179.00,1,"Jaffe et al., 2012",0,6.071469136,8.069648148,6.189814815,2.042753086,63.28859877,34.6890679,57.46234568,0.562290123,8.360734568,1.95958642,8.515740741,0.239765432
Formica_rufa,Formicinae,100000.00,9,"Helantera & Sundstrom, 2007",0,7.602941595,6.993937322,7.517521368,0.557612536,66.190151,35.13797863,60.81196581,0.534792023,8.3575,2.009923077,8.526709402,0.243005698
Formica_subsericea,Formicinae,8916.00,1,"Geraghty et al., 2007",1,9.442091362,9.723799003,10.14908638,1.693239203,78.98668605,41.45545349,71.9198505,0.55819103,11.96010631,1.786490033,12.0429402,0.150347176
Gnamptogenys_horni,Ectatomminae,28.00,46,"Kaspari & Vargo, 1995",0,24.08107258,0.950572581,24.13669355,0.041475806,188.8095726,110.9409194,172.3294355,0.622322581,10.02471774,1.170467742,9.898790323,0.116572581
Goniomma_hispanicum,Myrmicinae,300.00,1,GAGA consortium,0,15.1369,5.8473375,14.363125,0.4000375,46.3222875,39.332175,37.024375,0.8651125,10.8446625,1.8965375,10.771875,0.17405
Heteroponera_relicta,Heteroponerinae,80.00,1,"Villet, 1990",0,22.529,3.014363636,23.15454545,0.135454545,127.3930909,142.974,69.61818182,1.143909091,10.65663636,1.542636364,10.6,0.145181818
Hypoponera_eduardi,Ponerinae,1500.00,1,"Beckers et al., 1989",0,13.41466968,5.804352941,12.97420814,0.475633484,66.6120724,45.06267421,57.25475113,0.704841629,9.359624434,1.706846154,9.469230769,0.182859729
Hypoponera_inexorata,Ponerinae,31.00,2,"King & Porter, 2007; Wheeler, 1903",0,19.03524675,6.497766234,19.35779221,0.355519481,86.79968831,56.90718182,75.61623377,0.710285714,12.85244156,1.512766234,12.82272727,0.118
Hypoponera_opaciceps,Ponerinae,50.00,1,"King & Porter, 2007",0,22.32856436,2.034960396,22.46386139,0.098772277,138.491703,86.38041584,126.0767327,0.666623762,10.02546535,1.081366337,9.957425743,0.107108911
Hypoponera_opacior,Ponerinae,50.00,1,"King & Porter, 2007",0,18.16893656,5.886397329,18.42020033,0.379824708,102.3369048,66.60603339,89.7236227,0.696116861,12.42119866,1.500245409,12.39499165,0.120347245
Hypoponera_ragusai,Ponerinae,32.00,1,"Kaspari & Vargo, 1995",0,17.80145161,5.488,17.61612903,0.319290323,30.88854839,29.65929032,21.7516129,1.109548387,10.15090323,1.279677419,10.18225806,0.131064516
Iridomyrmex_anceps,Dolichoderinae,3000.00,1,GAGA consortium,1,24.9085,2.754593548,25.51532258,0.116567742,128.6515774,101.7443097,96.81241935,0.97906129,11.21807097,1.636480645,11.18580645,0.144541935
Iridomyrmex_purpureus,Dolichoderinae,84133.40,10,"Shik, 2008; Holldobler & Wilson, 1990; Kaspari & Vargo, 1995",1,18.10476887,4.831330189,18.31426887,0.274683962,47.82647642,41.8162783,35.80542453,0.872120283,13.40262264,1.975049528,13.51898585,0.149023585
Kalathomyrmex_emeryi,Myrmicinae,100.00,1,"Ferguson-Gow, 2014",0,20.86153846,3.177384615,21.17153846,0.174615385,76.52904615,62.58213846,61.12923077,0.871153846,12.05316923,1.462030769,11.98538462,0.1204
Kartidris_nyos,Myrmicinae,1000.00,1,GAGA consortium,0,20.748,3.304,21.8,0.159,124.019,111.237,85.8,0.897,11.671,3.662,10.9,0.314
Labidus_coecus,Dorylinae,1000000.00,1,"Barth et al., 2014",1,21.52511641,3.022293893,21.79360687,0.152998092,118.9685859,86.0201374,99.89360687,0.782438931,11.5698187,1.463530534,11.50839695,0.123587786
Labidus_praedator,Dorylinae,1500000.00,2,"Barth et al., 2014; Kaspari & Vargo, 1995",1,22.37980503,1.791220126,22.60503145,0.085298742,146.6607799,98.96453774,128.5693396,0.725889937,10.90403774,1.339238994,10.77075472,0.120701258
Lasius_alienus,Formicinae,3000.00,1,"Geraghty et al., 2007",0,9.669692866,7.020683192,9.67146312,1.042603386,64.34034341,37.05330713,58.32007255,0.591622733,9.216316808,2.027609432,9.426058041,0.222008464
Lasius_flavus,Formicinae,4885.00,1,"Shik, 2008",1,8.852655832,6.904200765,8.833891013,0.695715105,73.34005354,41.41589484,65.86214149,0.566355641,8.618527725,1.893203633,8.773374761,0.222659656
Lasius_fuliginosus,Formicinae,30000.00,1,"Seifert, 2017",0,8.822222506,6.731147059,8.733248082,0.982850384,65.81659974,34.6087532,60.73235294,0.527251918,8.403121483,2.055856777,8.627173913,0.246716113
Lasius_grandis,Formicinae,10000.00,1,"Parr et al., 2017",0,13.5348797,5.730842105,12.7481203,0.450744361,58.04126316,43.4838797,48.41654135,0.778263158,10.26163158,1.804879699,10.2056391,0.176511278
Lasius_niger,Formicinae,23205.50,18,"Fjerdingstad et al., 2003; Beckers et al., 1989",0,8.725853242,6.913699659,8.665443686,0.714449659,66.04910154,36.48083532,60.07107509,0.563605802,8.66387884,1.969226109,8.844923208,0.231048635
Lasius_umbratus,Formicinae,3000.00,1,"Geraghty et al., 2007",0,9.125185714,6.75325,9.093125,0.9355125,75.90755179,42.32281786,68.48160714,0.551680357,8.427503571,1.885728571,8.593035714,0.2264125
Leptogenys_attenuata,Ponerinae,90.00,4,"Kaspari & Vargo, 1995",0,17.526,3.351384615,17.68076923,0.196769231,63.19246154,46.24423077,54.72307692,0.751615385,12.30738462,1.424846154,12.14230769,0.118923077
Leptogenys_bituberculata,Ponerinae,300.00,1,"Holldobler & Wilson, 1990",0,22.8746,0.827,22.96,0.0376,231.58,93.647,227.07,0.4016,10.2106,0.7774,10.28,0.0762
Leptogenys_castanea,Ponerinae,289.00,4,"Kaspari & Vargo, 1995",0,18.579,3.29825,18.82916667,0.185291667,59.03525,49.73420833,43.97916667,0.841416667,11.756375,1.254916667,11.71041667,0.108333333
Leptogenys_chinensis,Ponerinae,367.00,1,"Beckers et al., 1989",0,23.59747059,3.372058824,24.23235294,0.157764706,142.1867647,130.702,97.91470588,0.926352941,9.041882353,1.879058824,9.061764706,0.195176471
Leptogenys_diminuta,Ponerinae,269.89,18,"Ito & Ohkawara, 2000; Kaspari & Vargo, 1995",0,25.18758779,1.78980916,25.50534351,0.074015267,182.5229771,123.1791756,153.8812977,0.735977099,9.505984733,1.535870229,9.4,0.156687023
Leptogenys_intermedia,Ponerinae,595.00,6,"Kaspari & Vargo, 1995",0,18.20691379,3.441465517,18.775,0.199362069,66.7612931,61.62417241,48.39568966,0.917068966,12.95224138,1.734896552,12.79741379,0.134258621
Leptogenys_kitteli,Ponerinae,245.00,1,GAGA consortium,0,24.04756579,3.200789474,24.67171053,0.146657895,149.9764605,123.3801974,121.9815789,0.826960526,9.117697368,1.860605263,8.885526316,0.193921053
Leptogenys_mjobergi,Ponerinae,35.00,1,"Villet, 1990",0,20.7974,3.5314,21.42,0.1734,115.7554,122.1038,72.36,1.063,10.8836,1.7444,10.77,0.1608
Leptogenys_processionalis,Ponerinae,41000.00,1,"Kaspari & Vargo, 1995",0,26.061,1.79545,26.23,0.0693,162.4054,128.1673,120.4775,0.8674,9.25185,1.86165,9.4425,0.1882
Leptogenys_purpurea,Ponerinae,1250.00,2,"Holldobler & Wilson, 1990",0,23.55933333,0.690111111,23.63333333,0.029555556,299.0097778,80.63544444,294.4722222,0.292444444,10.80655556,0.638777778,10.87777778,0.064555556
Leptomyrmex_fragilis,Dolichoderinae,350.00,1,"Holldobler & Wilson, 1990",0,24.26457143,0.677877551,24.39183673,0.028469388,243.1183469,85.38912245,238.7214286,0.371755102,10.68128571,0.586612245,10.72040816,0.058897959
Leptothorax_acervorum,Myrmicinae,49.99,291,"Kramer et al., 2014; Beckers et al., 1989; Bernadou et al., 2016",1,6.089522039,7.242669421,6.02100551,0.951650138,70.52371074,37.34022039,64.31301653,0.543063361,8.214679063,1.828192837,8.339049587,0.225761708
Leptothorax_gredleri,Myrmicinae,33.00,1,"Seifert, 2017",0,7.794555556,7.13962963,7.801851852,1.157148148,66.24285185,34.19437037,61.39074074,0.523407407,8.554777778,2.154185185,8.881481481,0.253314815
Leptothorax_muscorum,Myrmicinae,41.57,205,"Kramer et al., 2014; Beckers et al., 1989",0,6.400592593,7.880082305,6.482098765,1.126148148,63.52690123,33.8401893,58.19012346,0.544469136,8.583617284,2.069884774,8.774279835,0.246176955
Liometopum_apiculatum,Dolichoderinae,250000.00,1,"Hoey-Chamberlain, 2013",1,14.75382828,5.720621212,14.96111111,0.562237374,43.54797475,42.36784343,27.9540404,0.973106061,16.4084798,2.016560606,16.49267677,0.123580808
Liometopum_microcephalum,Dolichoderinae,1000000.00,1,GAGA consortium,1,11.65463529,7.667052941,11.78441176,0.694047059,61.94843529,38.09881176,55.73323529,0.616364706,9.682864706,2.176205882,10.08882353,0.223870588
Liometopum_occidentale,Dolichoderinae,50000.00,1,"Hoey-Chamberlain, 2013",1,12.91490761,6.26323913,12.64809783,0.553293478,47.22755435,53.43795652,27.50625,1.140233696,15.01275,2.50198913,15.1986413,0.169320652
Manica_invidia,Myrmicinae,400.00,1,"Antwiki, 2015",0,6.578405405,8.203168919,6.485472973,14.03536486,39.23189865,30.55081081,31.64560811,0.760040541,15.65335135,2.653608108,15.62094595,0.174756757
Manica_rubida,Myrmicinae,500.00,1,GAGA consortium,0,7.601526316,7.042611842,7.724013158,1.344480263,80.91694737,42.29934211,75.15986842,0.529085526,8.972421053,1.850703947,9.218421053,0.206440789
Megalomyrmex_milenae,Myrmicinae,218.50,1,"Antwiki, 2024",0,26.244,0.8,26.1,0.03,229.751,131.718,282.65,0.573,6.431,0.632,6.4,0.098
Megaponera_analis,Ponerinae,983.70,4,"Holldobler & Wilson, 1990; Villet, 1990; Frank et al., 2017",1,23.07499425,2.032321839,23.41034483,0.09137931,78.19466667,71.47767816,55.09425287,1.016091954,12.09329885,1.847781609,12.03534483,0.150149425
Melissotarsus_emeryi,Myrmicinae,500000.00,1,GAGA consortium,1,22.28839286,2.185392857,22.53571429,0.102607143,84.03939286,72.18760714,64.55357143,0.94725,12.03242857,1.603178571,12.05892857,0.133107143
Meranoplus_bicolor,Myrmicinae,200.00,1,GAGA consortium,0,25.25600826,2.428338843,25.71818182,0.109198347,155.2876942,131.801438,118.9309917,0.869619835,9.591231405,1.927181818,9.510743802,0.193280992
Meranoplus_spinosus,Myrmicinae,150.00,1,"Holldobler & Wilson, 1990",0,25.162,0.947,25.3,0.038,272.256,106.596,266.6,0.394,8.605,0.704,8.75,0.0825
Mesoponera_caffraria,Ponerinae,25.00,1,"Villet, 1990",0,20.84951807,2.796686747,21.25,0.145903614,81.39250602,68.6719759,63.8246988,0.871228916,12.3643012,1.827144578,12.20060241,0.150373494
Messor_arenarius,Myrmicinae,344.20,20,"Saar et al., 2018: Heatwole & Muir, 1991",1,19.41963768,6.525333333,19.3557971,0.343449275,21.64508696,23.4463913,12.89130435,1.159333333,11.8562029,1.402333333,11.88695652,0.118623188
Messor_barbarus,Myrmicinae,8000.00,1,"Beckers et al., 1989",1,15.17974359,5.823952991,14.44252137,0.402145299,48.33090171,40.33676923,38.64722222,0.856226496,10.48729487,1.784440171,10.45021368,0.169884615
Messor_ebeninus,Myrmicinae,59676.50,1,"Steinberger et al., 1991; Warburg et al., 2017",1,21.46573469,6.462326531,21.89693878,0.319693878,21.75053061,26.86397959,10.33979592,1.27344898,12.4534898,1.550979592,12.56326531,0.123367347
Messor_rugosus,Myrmicinae,2500.00,1,"Steinberger et al., 1991",0,18.016,6.899555556,18.33333333,0.392,32.55377778,31.37744444,22.3,1.110444444,11.91277778,2.029666667,12.2,0.172
Messor_sanctus,Myrmicinae,3500.00,1,"Beckers et al., 1989",1,17.04767568,6.323702703,16.3527027,0.378837838,39.21813514,35.22989189,30.37972973,0.915513514,11.66840541,1.638135135,11.55,0.140216216
Monomorium_minimum,Myrmicinae,105000.00,2,"Geraghty et al., 2007; Bhatkar, 1992",0,14.01985005,8.087020063,14.37328405,0.782449842,67.71251426,44.46131045,57.48901795,0.725763464,13.75727244,1.800093981,13.78030623,0.131466737
Monomorium_rothsteini,Myrmicinae,36500.00,4,"Davison, 1982",0,19.97969444,4.455694444,20.30972222,0.235111111,54.15455556,57.04152778,33.51805556,1.0055,12.90572222,1.968194444,12.99027778,0.154222222
Monomorium_viator,Myrmicinae,3539.00,2,"Heatwole & Muir, 1991",0,19.48855556,2.506888889,19.86111111,0.127666667,6.416222222,10.92888889,1.65,1.740111111,13.43333333,1.018777778,13.49444444,0.079777778
Monomorium_viridum,Myrmicinae,10000.00,1,"King & Porter, 2007",0,16.83408861,6.860993671,17.07056962,0.692797468,80.15322785,52.12908861,69.1835443,0.716575949,13.21620886,1.634607595,13.22056962,0.123993671
Mycetagroicus_cerradensis,Myrmicinae,373.00,2,"Ferguson-Gow, 2014",0,21.5356,2.198066667,21.88666667,0.103666667,114.4398,91.8126,92.05,0.805266667,11.83366667,1.5856,11.63333333,0.133333333
Mycetagroicus_inflatus,Myrmicinae,65.00,1,"Jesovnik et al., 2013",0,26.309,0.847,26.2,0.032,145.789,120.386,147.1,0.826,12.472,2.366,11.7,0.19
Mycetarotes_acutus,Myrmicinae,25.00,1,"Solomon et al., 2004",0,25.790125,0.930125,25.825,0.037375,194.749875,108.280375,174.5625,0.599625,9.838,1.115375,9.7125,0.112875
Mycetarotes_parallelus,Myrmicinae,110.57,13,"Ferguson-Gow, 2014",0,22.287,2.446709677,22.56935484,0.114612903,123.1203548,88.2096129,107.4822581,0.737483871,10.94609677,1.441129032,10.77741935,0.130548387
Mycetophylax_conformis,Myrmicinae,104.58,10,"Ferguson-Gow, 2014; Klingenberg et al., 2007",0,23.46847368,1.709578947,23.53684211,0.075842105,150.0302105,89.10563158,141.8078947,0.604947368,8.575473684,1.010578947,8.502631579,0.118631579
Mycetophylax_morschi,Myrmicinae,108.21,14,"Ferguson-Gow, 2014; Klingenberg et al., 2007",0,20.32866667,2.8422,20.38,0.1456,144.1738,73.44833333,134.9866667,0.510733333,8.932466667,0.979266667,8.873333333,0.109733333
Mycetosoritis_hartmanni,Myrmicinae,50.00,2,"Ferguson-Gow, 2014",0,22.59447619,4.406809524,23.14761905,0.205857143,98.7987619,77.40685714,78.96428571,0.799619048,11.14304762,1.33452381,11.03809524,0.11947619
Mycocepurus_goeldii,Myrmicinae,678.86,7,"Ferguson-Gow, 2014",0,22.20644643,2.254794643,22.48883929,0.106955357,125.6974375,89.17405357,108.0598214,0.719285714,11.071875,1.4615625,10.89642857,0.131232143
Myopias_concava,Ponerinae,60.00,1,"Wilson, 1959",0,21.98575,0.97425,22.075,0.04475,239.996,81.739,232.6875,0.35375,10.84175,0.8565,10.95,0.079
Myopias_conicara,Ponerinae,41.00,1,"Ito et al., 2020",0,17.3157,4.0489,18.24,0.3238,114.2054,101.5657,80.71,0.8893,11.3711,2.956,11.12,0.2557
Myopias_julivora,Ponerinae,55.00,2,"Wilson, 1959",0,22.91888889,0.839222222,23.04444444,0.037333333,216.82,96.91,211.8111111,0.450777778,10.97155556,0.750555556,11.04444444,0.072444444
Myrmecia_brevinoda,Myrmeciinae,2576.00,1,"Higashi & Peeters, 1990",1,17.21378462,4.436753846,17.56461538,0.269630769,83.16307692,68.01316923,64.57384615,0.805938462,12.62246154,1.770692308,12.61615385,0.142246154
Myrmecia_croslandi,Myrmeciinae,300.00,1,GAGA consortium,0,14.73473684,4.739263158,14.93157895,0.334,70.39373684,48.63105263,59.93684211,0.687789474,12.77589474,1.761789474,12.78947368,0.141
Myrmecia_dispar,Myrmeciinae,125.00,20,"Holldobler & Wilson, 1990",0,17.02985714,5.486464286,16.99642857,0.324035714,37.86446429,28.93032143,31.63035714,0.787178571,13.75921429,2.059321429,13.96071429,0.150464286
Myrmecia_forceps,Myrmeciinae,25.00,1,"Ito et al., 1994",0,15.98389286,4.413357143,15.96785714,0.277928571,52.83567857,40.35478571,43.49107143,0.765535714,12.417,1.9625,12.54285714,0.159285714
Myrmecia_forficata,Myrmeciinae,211.00,1,"Gray, 1974",0,13.36238144,4.041113402,13.31804124,0.312329897,79.86309278,50.13551546,69.99845361,0.631072165,10.83823711,1.710721649,10.87268041,0.158360825
Myrmecia_froggatti,Myrmeciinae,34.50,6,"Ito et al., 1994; Gray, 1974",0,17.32977778,5.240925926,17.48703704,0.307148148,51.22107407,41.84566667,40.2037037,0.795666667,13.54685185,1.921518519,13.66481481,0.144555556
Myrmecia_fulvipes,Myrmeciinae,108.56,1,"Gray, 1974",0,13.76263043,4.277173913,13.81847826,0.324152174,82.05569565,53.87519565,70.87717391,0.651413043,11.35680435,1.789869565,11.3826087,0.160043478
Myrmecia_gulosa,Myrmeciinae,974.24,17,"Holldobler & Wilson, 1990; Dietemann, 2002; Beckers et al., 1989",1,17.11581579,4.560921053,17.43684211,0.272368421,80.98126316,62.85926316,65.275,0.767368421,12.64223684,1.741263158,12.63157895,0.139368421
Myrmecia_mandibularis,Myrmeciinae,402.00,1,"Shik, 2008",0,15.57445238,4.170333333,15.34761905,0.2685,53.4595,41.11747619,44.21547619,0.76402381,12.00683333,2.134761905,12.1297619,0.17947619
Myrmecia_michaelseni,Myrmeciinae,17.00,1,"Gray, 1974",0,16.46014286,3.821285714,16.26785714,0.235071429,62.49564286,55.12642857,47.30714286,0.851857143,11.421,1.979285714,11.51785714,0.171571429
Myrmecia_nigrocincta,Myrmeciinae,821.00,2,"Holldobler & Wilson, 1990",0,18.78433898,3.898932203,19.2559322,0.21679661,99.84276271,90.74852542,70.99152542,0.889440678,11.61857627,1.653881356,11.56101695,0.144169492
Myrmecia_picta,Myrmeciinae,25.00,1,"Ito et al., 1994",0,16.53625,4.920055556,16.44166667,0.301138889,43.43022222,34.48172222,35.15416667,0.804194444,13.03488889,2.184805556,13.25555556,0.168972222
Myrmecia_piliventris,Myrmeciinae,165.50,1,"Gray, 1974",0,15.61951429,4.536685714,15.74857143,0.295085714,69.23005714,50.71631429,57.44428571,0.729885714,12.45997143,1.796857143,12.50142857,0.145971429
Myrmecia_pilosula,Myrmeciinae,754.20,5,"Fjerdingstad & Crozier, 2006; Holldobler & Wilson 1990; Kaspari & Vargo, 1995",0,13.30210072,4.072215827,13.16582734,0.313057554,75.44629496,45.81508633,67.3647482,0.624244604,10.88486331,1.87794964,10.93561151,0.172107914
Myrmecia_simillima,Myrmeciinae,162.40,1,"Gray, 1974",0,14.26404839,4.403290323,14.30887097,0.317290323,73.70503226,48.8166129,63.56612903,0.661483871,11.77669355,1.751951613,11.80403226,0.150548387
Myrmecia_tepperi,Myrmeciinae,117.00,1,"Gray, 1974",0,15.63796552,4.889344828,15.52931034,0.315896552,51.02848276,38.71275862,42.04137931,0.761689655,13.02737931,2.029655172,13.19310345,0.158068966
Myrmecia_vindex,Myrmeciinae,185.75,4,"Holldobler & Wilson, 1990; Kaspari & Vargo, 1995",0,16.79715385,4.047423077,16.56346154,0.241076923,59.53103846,53.50888462,43.58076923,0.895923077,11.81034615,1.949692308,11.93076923,0.165115385
Myrmecina_americana,Myrmicinae,37.00,2,"Geraghty et al., 2007; King & Porter, 2007",0,13.93690416,8.140300181,14.27423146,0.733057866,91.73005787,48.89818445,83.97287523,0.555582278,12.30032188,1.621305606,12.33571429,0.133508137
Myrmecina_graminicola,Myrmicinae,45.92,120,"Ohkawara, 1993; Buschinger & Schreiber, 2002",0,10.96952233,6.19838835,10.74873786,0.661831068,68.60793981,39.47673398,62.15495146,0.581813592,8.80895534,1.928,9.032135922,0.219900971
Myrmecina_transversa,Myrmicinae,100.00,1,"Holldobler & Wilson, 1990",0,25.134,0.684,25.2,0.027666667,231.496,65.31433333,232.1666667,0.289666667,9.366666667,0.626333333,9.366666667,0.067333333
Myrmecocystus_mendax,Formicinae,1991.00,1,"Conway, 2003",1,14.90059821,7.500116071,14.984375,0.664857143,35.07421429,31.3891875,25.59263393,0.930674107,15.93782143,1.845736607,15.97924107,0.116330357
Myrmecocystus_mimicus,Formicinae,97.00,1,"Jaffe et al., 2012",1,16.29206977,6.863089147,16.33585271,0.456162791,33.58918992,33.02686047,22.62848837,1.040887597,15.8146938,1.931945736,15.88953488,0.122748062
Myrmelachista_flavocotea,Formicinae,7554.00,1,"Kuhn, 2014",1,24.35525,0.807125,24.275,0.033375,245.257875,157.90275,235.70625,0.665875,7.595875,0.574375,7.4,0.0745
Myrmica_americana,Myrmicinae,275.00,2,"Cole, 1983",0,8.727809628,9.660452954,9.304704595,1.565347921,67.72487746,37.50361488,60.57964989,0.613884026,12.69249234,1.890932166,12.74496718,0.150367615
Myrmica_latifrons,Myrmicinae,255.00,1,"Geraghty et al., 2007",0,7.91512381,9.602742857,8.526031746,6.275444444,61.40650476,34.34872381,54.74777778,0.628533333,13.12256508,1.931,13.1784127,0.15015873
Myrmica_lobicornis,Myrmicinae,300.00,42,"Seppä, 1994",0,6.259449883,7.467384615,6.252913753,0.854104895,66.94228205,34.850662,61.55932401,0.53316317,8.215254079,1.932834499,8.367948718,0.238314685
Myrmica_pinetorum,Myrmicinae,396.00,1,"Geraghty et al., 2007",0,12.16880208,8.674177083,12.5296875,0.775645833,93.44576042,44.7306875,87.60520833,0.47734375,11.94419792,1.647770833,12.01979167,0.138916667
Myrmica_punctiventris,Myrmicinae,13.08,135,"Hammond & Keller, 2004; Kramer et al., 2014",0,11.75132364,8.794087273,12.13436364,0.845250909,91.75041091,44.63349091,85.54054545,0.486614545,11.75712727,1.639392727,11.83418182,0.140934545
Myrmica_ruginodis,Myrmicinae,665.29,127,"Fjerdingstad & Crozier, 2006; Holldobler & Wilson 1990; Seppä, 1994; Beckers et al., 1989",0,7.951765914,6.836953799,7.913911704,0.069844969,72.22534805,38.9289846,65.66386037,0.539655031,8.401123203,1.906452772,8.577207392,0.229059548
Myrmica_sabuleti,Myrmicinae,3000.00,1,"Beckers et al., 1989",0,9.409553343,6.067301565,9.22311522,0.781489331,72.61367568,38.05713371,67.06394026,0.528583215,8.368240398,1.944544808,8.576315789,0.233513514
Myrmica_scabrinodis,Myrmicinae,514.90,68,"Fjerdingstad & Crozier, 2006; Csata et al., 2017; Elmes & Wardlaw, 1982",0,8.488957275,6.659267898,8.40687067,0.627443418,69.41211663,36.72714319,63.77759815,0.535211316,8.445232102,1.957755196,8.644226328,0.233415704
Myrmica_schencki,Myrmicinae,255.00,36,"Holldobler & Wilson, 1990",0,7.66876555,7.171430622,7.670215311,3.207655502,65.01380622,33.84566268,59.98217703,0.525026316,8.459301435,2.060406699,8.686363636,0.246552632
Myrmica_spatulata,Myrmicinae,296.00,1,"Geraghty et al., 2007",0,11.88977143,8.7652,12.28,0.836714286,92.81302857,45.60428571,86.35142857,0.492028571,11.9322,1.6576,12.00428571,0.140914286
Myrmica_tahoensis,Myrmicinae,175.00,1,"Hammond & Keller, 2004",0,7.581545455,8.074443182,7.505113636,2.663443182,42.535875,36.08225,32.375,0.840704545,15.32764773,2.532625,15.30056818,0.170170455
Myrmicaria_natalensis,Myrmicinae,19932.33,3,"Holldobler & Wilson, 1990; Beckers et al., 1989",0,21.10658182,2.947545455,21.76,0.143363636,73.11549091,70.23512727,50.63454545,1.008181818,12.73083636,1.958981818,12.57272727,0.152418182
Myrmicocrypta_buenzlii,Myrmicinae,1558.00,1,"Tschinkel, 2011",0,25.36166667,0.894444444,25.35555556,0.035777778,175.259,111.3313333,163.6833333,0.646333333,8.453333333,0.958222222,8.394444444,0.114666667
Myrmicocrypta_ednaella,Myrmicinae,86.78,35,"Ferguson-Gow, 2014",0,24.841,0.948125,24.875,0.03775,209.9775,114.572,211.925,0.56875,8.61025,0.980375,8.525,0.113875
Myrmicocrypta_squamosa,Myrmicinae,70.00,1,GAGA consortium,0,22.08071429,2.788071429,22.30357143,0.133285714,114.9155714,80.26614286,101.2285714,0.713642857,10.89485714,1.237928571,10.78214286,0.1115
Myrmoteras_barbouri,Formicinae,9.50,2,"Holldobler & Wilson, 1990; Kaspari & Vargo, 1995",0,25.92042857,0.599714286,25.91428571,0.023142857,221.8624286,99.42557143,216.3142857,0.450857143,8.916285714,0.778428571,8.942857143,0.086714286
Myrmoteras_binghamii,Formicinae,15.00,1,GAGA consortium,0,22.455625,2.842125,23.375,0.131625,122.75725,107.00325,99.43125,0.87625,11.192875,3.2035,10.54375,0.27725
Mystrium_camillae,Amblyoponinae,58.00,1,"Molet et al, 2009",1,25.49739535,1.182139535,25.71627907,0.04744186,206.0541395,113.3131628,185.9127907,0.611139535,9.035325581,1.082465116,8.993023256,0.11627907
Mystrium_mysticum,Amblyoponinae,43.00,16,"Molet et al., 2009",1,23.01320408,2.040530612,23.53061224,0.091142857,127.390898,112.2481224,81.09591837,0.952244898,9.215326531,0.915877551,9.198979592,0.097183673
Mystrium_oberthueri,Amblyoponinae,33.56,16,"Molet et al., 2009; Bouchet et al., 2013",0,23.2,1.814352941,23.63529412,0.078882353,183.6058235,125.8898824,144.1852941,0.727235294,8.568705882,0.551294118,8.541176471,0.062882353
Mystrium_rogeri,Amblyoponinae,156.00,17,"Molet et al, 2009",1,21.82582051,2.074384615,22.33076923,0.097,152.3781026,116.7355128,110.2,0.809692308,8.881,0.719948718,8.835897436,0.079692308
Neivamyrmex_carolinensis,Dorylinae,70000.00,2,"King & Porter, 2007; Barth et al., 2014",1,17.52050746,6.987462687,17.69179104,0.413119403,110.781,59.10561194,102.4656716,0.531985075,12.63773134,1.494522388,12.60820896,0.118432836
Neivamyrmex_harrisii,Dorylinae,550000.00,1,"Barth et al., 2014",1,18.55131293,6.142782313,18.87040816,0.578244898,51.10143537,47.31436054,34.01904762,0.963088435,14.81780952,1.916911565,14.88367347,0.130122449
Neivamyrmex_nigrescens,Dorylinae,83750.00,4,"Holldobler & Wilson, 1990; Beckers et al., 1989; Kronauer et al., 2007; Peeters & Ito, 2001",1,16.38425758,6.924901515,16.56085859,0.467853535,66.44795707,49.02202778,53.55606061,0.860982323,14.11775758,1.790373737,14.14494949,0.127083333
Neivamyrmex_opacithorax,Dorylinae,30000.00,1,"King & Porter, 2007",1,17.28607368,6.386405263,17.52,0.409126316,76.89431053,57.0255,61.61973684,0.828721053,13.68511579,1.704384211,13.70236842,0.124452632
Neivamyrmex_texanus,Dorylinae,30000.00,1,"King & Porter, 2007",1,17.05087603,6.44492562,17.29628099,0.409859504,62.40833058,46.14360331,50.45413223,0.845016529,14.65595041,1.756396694,14.70371901,0.119834711
Neoponera_commutata,Ponerinae,800.00,1,"Kaspari & Vargo, 1995",0,24.32636207,1.008043103,24.3612069,0.043948276,179.6031552,110.5262414,162.9905172,0.70625,10.23843966,1.223508621,10.09655172,0.118603448
Neoponera_crenata,Ponerinae,50.00,1,"Bertelsmeier et al., 2013",0,22.15298795,1.699259036,22.29789157,0.082740964,175.441747,106.301259,160.2436747,0.636596386,10.185,1.138560241,10.08162651,0.110626506
Neoponera_goeldii,Ponerinae,158.84,68,"Denis et al., 2007; Denis et al., 2008",0,25.18615,0.8127,25.15,0.0345,191.3831,101.53085,181.05,0.58575,9.1536,1.0151,9.025,0.11325
Neoponera_inversa,Ponerinae,35.62,45,"van Zweden et al., 2009; Helantera et al., 2013; D'Ettorre et al., 2004",0,23.5475679,1.231506173,23.68024691,0.055074074,168.2039383,108.3734444,150.1901235,0.673604938,9.876395062,1.202703704,9.749382716,0.121308642
Neoponera_marginata,Ponerinae,1198.50,7,"Shik, 2008",1,21.76438028,2.432633803,22.07042254,0.117971831,123.5435634,85.3775493,105.8549296,0.724521127,11.20460563,1.443507042,11.08521127,0.126549296
Neoponera_obscuricornis,Ponerinae,61.00,2,"Villet, 1990; Kaspari & Vargo, 1995",0,23.47226271,1.31159322,23.59194915,0.057805085,181.9292627,114.4002881,163.1550847,0.667067797,10.27488136,1.19290678,10.16779661,0.114601695
Neoponera_verenae,Ponerinae,120.00,1,"Evison et al., 2012",0,23.44197309,1.310421525,23.57668161,0.058067265,177.057157,115.3015247,160.2663677,0.680183857,9.917013453,1.15055157,9.766143498,0.114112108
Neoponera_villosa,Ponerinae,32.77,31,"Beckers et al., 1989; Trunzer et al., 1998",0,23.23376526,2.229476526,23.51431925,0.101124413,139.0663146,94.78253286,120.3518779,0.755422535,10.91214789,1.340377934,10.81021127,0.12106338
Nomamyrmex_esenbeckii,Dorylinae,1000000.00,1,"Barth et al., 2014",1,22.49764758,1.899436123,22.72599119,0.090290749,131.4022996,96.17784581,111.9951542,0.814519824,11.27194714,1.50914978,11.22246696,0.128929515
Nothomyrmecia_macrops,Myrmeciinae,39.26,35,"Holldobler & Wilson, 1990; Sanetra & Crozier, 2001",0,16.53725,4.021125,16.4875,0.24325,36.68675,30.4715,28.7125,0.810625,12.32925,1.772625,12.49375,0.144875
Nylanderia_arenivaga,Formicinae,100.00,1,"King & Porter, 2007",0,18.01938365,6.763710692,18.34150943,0.412459119,97.20412579,58.89319497,85.99119497,0.633132075,12.58408805,1.532779874,12.56666667,0.122018868
Nylanderia_concinna,Formicinae,100.00,1,"King & Porter, 2007",0,19.1931875,6.084458333,19.45729167,0.348583333,111.2063542,66.5739375,99.68541667,0.594395833,12.08383333,1.436020833,12.07604167,0.119229167
Nylanderia_faisonensis,Formicinae,122.56,9,"Geraghty et al., 2007; King & Porter, 2007; Nuhn et al., 1992",0,16.78508456,7.296466912,17.01433824,0.466257353,107.4412132,56.5081875,99.42242647,0.5245,12.35260294,1.489477941,12.32977941,0.1210625
Nylanderia_flavipes,Formicinae,350.00,2,"Ichinose, 1986; Terayama et al., 2014",0,13.36272093,8.149680233,14.06598837,0.724744186,125.2425988,96.70631977,96.21162791,0.799139535,9.320098837,1.470430233,9.318313953,0.156110465
Nylanderia_parvula,Formicinae,100.00,1,"King & Porter, 2007",0,13.83822995,8.262721925,14.25160428,0.71384492,93.90258824,50.13073797,86.24705882,0.540636364,12.02817112,1.604679144,12.07727273,0.134641711
Nylanderia_phantasma,Formicinae,100.00,1,"King & Porter, 2007",0,20.6315,5.487727273,20.92954545,0.274909091,115.1813636,71.34086364,102.8840909,0.619090909,11.87281818,1.392909091,11.82727273,0.117772727
Nylanderia_steinheili,Formicinae,143.00,1,"Kaspari & Vargo, 1995",0,23.47538333,1.37415,23.695,0.059666667,181.63425,123.89575,164.165,0.708016667,9.8412,1.097116667,9.7225,0.107583333
Nylanderia_terricola,Formicinae,137.50,7,"Lynch et al., 1980",0,17.75486636,7.257852535,18.13778802,0.44456682,59.07503687,44.45792166,47.78640553,0.829677419,13.96764977,1.700907834,13.9735023,0.122391705
Nylanderia_wojciki,Formicinae,100.00,1,"King & Porter, 2007",0,21.11326923,5.263230769,21.49134615,0.257557692,114.9055577,74.02948077,100.9576923,0.644788462,11.51373077,1.400038462,11.50288462,0.121807692
Ochetellus_glaber,Dolichoderinae,416.00,1,"Bertelsmeier et al., 2013",0,16.11068595,6.030123967,16.47603306,0.408165289,116.0869256,84.30182645,94.44710744,0.746504132,10.09689256,1.530834711,10.12479339,0.150305785
Ocymyrmex_barbiger,Myrmicinae,200.00,1,"Beckers et al., 1989",0,17.53754762,4.109345238,17.89761905,0.237785714,30.09020238,29.19479762,20.51785714,1.039595238,14.08857143,1.299714286,14.2125,0.09222619
Ocymyrmex_foreli,Myrmicinae,713.00,1,"Forder & Marsh, 1989",0,18.26333333,4.023888889,19.33888889,0.224222222,52.12655556,56.33122222,32.51944444,1.088166667,14.83572222,2.198611111,14.70277778,0.148722222
Ocymyrmex_robustior,Myrmicinae,347.60,20,"Lecocq de Pletincx et al., 2019",0,18.813,2.1568,18.98,0.1144,2.2898,3.892,0.71,1.6766,12.2856,0.8526,12.27,0.0724
Odontomachus_bauri,Ponerinae,300.00,1,"Beckers et al., 1989",0,23.92697778,1.132181481,24.01592593,0.048674074,164.060237,105.3653815,149.1603704,0.69297037,9.895144444,1.118548148,9.786296296,0.111151852
Odontomachus_brunneus,Ponerinae,120.17,3,"King & Porter, 2007; Cerquera & Tschinkel, 2010; Tschinkel, 2011",0,21.11051316,5.220723684,21.45855263,0.253802632,113.1300658,71.96909211,100.7980263,0.643381579,11.73006579,1.399802632,11.70460526,0.119671053
Odontomachus_cephalotes,Ponerinae,1000.00,1,"Villet, 1990",0,24.04675676,2.195810811,24.44189189,0.09827027,139.9011622,128.7559459,85.08648649,1.005945946,10.0157027,1.336621622,9.993243243,0.132216216
Odontomachus_chelifer,Ponerinae,130.00,1,"Kaspari & Vargo, 1995",0,21.80231429,1.890404762,21.98380952,0.091,147.6030524,95.30084286,133.5092857,0.677547619,10.30328571,1.211871429,10.18642857,0.1154
Odontomachus_haematodus,Ponerinae,500.00,1,"Beckers et al., 1989",0,23.7820597,1.395099502,23.88905473,0.06421393,158.4124776,98.29052239,143.421393,0.675616915,9.906557214,1.209353234,9.787562189,0.120825871
Odontomachus_hastatus,Ponerinae,285.20,21,"Berthelot et al., 2017; Oliveira et al., 2011; Bazazi et al., 2016",0,24.32395946,1.009094595,24.35,0.043162162,208.9336216,122.0216216,195.9391892,0.611351351,9.003337838,0.984,8.861486486,0.10777027
Odontomachus_laticeps,Ponerinae,15.00,7,"Kaspari & Vargo, 1995",0,23.56397183,1.681957746,23.89577465,0.074183099,161.869507,119.7567042,136.8390845,0.786633803,10.72401408,1.283647887,10.56161972,0.116049296
Odontomachus_relictus,Ponerinae,200.00,1,"King & Porter, 2007",0,21.865,4.8379,22.325,0.2227,113.6379,75.2325,100.07,0.6636,11.6884,1.4009,11.69,0.1198
Odontomachus_rixosus,Ponerinae,142.00,1,"Ito et al., 1996",0,26.01405155,1.280350515,26.24175258,0.050804124,185.906299,112.9369072,169.292268,0.655742268,9.758639175,1.54356701,9.581958763,0.153051546
Odontomachus_ruginodis,Ponerinae,200.00,1,"King & Porter, 2007",0,23.92145946,1.363702703,24.11824324,0.057459459,175.4497432,109.2848108,159.0027027,0.656851351,9.786337838,1.020716216,9.683108108,0.104364865
Odontomachus_troglodytes,Ponerinae,245.00,2,"Villet, 1990; Beckers et al., 1989",0,23.1407265,2.220940171,23.56068376,0.102666667,97.01293162,80.32178632,76.22521368,0.913948718,11.65348718,1.782153846,11.58846154,0.151529915
Odontoponera_transversa,Ponerinae,47.00,1,"Wang et al., 2020",0,26.16244068,0.73540678,26.17288136,0.028016949,222.7204576,114.5096441,210.3288136,0.529898305,9.324813559,0.901491525,9.297457627,0.098372881
Oecophylla_longinoda,Formicinae,490000.00,2,"Holldobler & Wilson, 1990; Beckers et al., 1989",1,25.29525472,1.382512579,25.31996855,0.054773585,123.9392956,95.94771698,107.0756289,0.810081761,10.12140881,1.71713522,9.972798742,0.164786164
Oecophylla_smaragdina,Formicinae,500000.00,1,"Jaffe et al., 2012",1,25.50063939,1.830387879,25.88424242,0.066642424,166.7358758,124.6400576,130.6007576,0.840515152,9.676390909,1.565172727,9.619393939,0.156915152
Onychomyrmex_hedleyi,Amblyoponinae,846.41,61,"Miyata et al., 2003; Villet, 1990",0,22.76,2.948909091,23.41818182,0.130636364,112.5771818,131.662,57.51818182,1.191363636,10.53627273,1.529727273,10.5,0.145636364
Orectognathus_versicolor,Myrmicinae,104.00,1,"Kaspari & Vargo, 1995",1,17.51355172,4.158,17.93965517,0.242724138,93.15731034,76.66393103,72.12068966,0.828,12.08486207,1.660586207,12.04310345,0.137896552
Oxyopomyrmex_emeryi,Myrmicinae,650.00,1,"Heatwole & Muir, 1991",0,17.51417647,6.905,16.77647059,0.404058824,29.68770588,24.72794118,24.3,0.937235294,11.46205882,1.693705882,11.39705882,0.146882353
Pachycondyla_harpax,Ponerinae,57.50,1,"Wheeler, 1900",0,22.71782342,2.326476008,22.97888676,0.109856046,142.8318714,96.51828023,124.66881,0.727303263,10.7741977,1.291971209,10.64692898,0.118449136
Pachycondyla_striata,Ponerinae,47.40,15,"Rodrigues et al., 2011; Miller et al. 2022",0,20.76596954,2.730456853,20.94543147,0.138441624,127.1653401,79.99023858,112.4609137,0.650949239,10.70061929,1.255964467,10.60101523,0.117055838
Paltothyreus_tarsatus,Ponerinae,600.00,1,"Holldobler & Wilson, 1990",0,23.42740686,2.04827451,23.81127451,0.091965686,94.32534804,81.90171569,71.1497549,0.965068627,11.71301471,1.786210784,11.63357843,0.149504902
Paraparatrechina_pallida,Formicinae,500.00,1,"Wilson, 1959",0,24.77883333,0.668,24.88333333,0.027,240.5645,80.69366667,240.6333333,0.328833333,9.896666667,0.6295,9.95,0.064666667
Paraponera_clavata,Paraponerinae,1019.00,2,"Kaspari & Vargo, 1995",1,23.94377519,1.019616279,24.01007752,0.047372093,202.7778295,115.287593,189.3147287,0.622604651,10.22221705,1.231705426,10.07596899,0.118244186
Pheidole_adrianoi,Myrmicinae,350.00,1,"King & Porter, 2007",1,21.1686,5.183,21.52333333,0.25,116.5663667,73.23586667,104.24,0.6297,11.50003333,1.392433333,11.47,0.121466667
Pheidole_capellinii,Myrmicinae,340.00,1,"Wang et al., 2020",1,22.20406522,3.324043478,22.82065217,0.169891304,145.4021304,113.1935435,118.9728261,0.81023913,9.9565,2.124782609,9.759782609,0.207652174
Pheidole_cramptoni,Myrmicinae,172.00,1,"Kaspari & Vargo, 1995",1,24.98021739,1.025869565,25.11304348,0.041434783,222.190087,129.280913,206.6195652,0.595347826,9.238347826,0.931565217,9.067391304,0.100347826
Pheidole_dentata,Myrmicinae,942.86,45,"Shik, 2008; King & Porter, 2007; Kaspari & Vargo, 1995",1,17.90597536,7.272258727,18.23952772,0.423521561,88.82565708,53.83276386,79.12494867,0.6515154,12.92208419,1.516583162,12.87977413,0.117778234
Pheidole_dentigula,Myrmicinae,300.00,1,"King & Porter, 2007",1,19.07141791,6.357350746,19.32313433,0.34791791,111.5581418,64.31126119,101.2906716,0.577440299,12.28302985,1.439798507,12.24589552,0.117567164
Pheidole_desertorum,Myrmicinae,9881.00,1,"Helms, 1995",1,15.66236,7.60646,15.68433333,0.54314,32.15108667,29.87166667,23.11,0.979666667,15.87620667,1.8615,15.93866667,0.117726667
Pheidole_embolopyx,Myrmicinae,300.00,1,"Beckers et al., 1989",1,25.387,0.852285714,25.39285714,0.039357143,196.2982143,113.8280714,177.8678571,0.627285714,9.637785714,1.190357143,9.564285714,0.123
Pheidole_fallax,Myrmicinae,10000.00,1,"Beckers et al., 1989",1,22.91412174,2.115452174,23.09130435,0.103347826,124.1804609,88.6113913,105.8882609,0.749504348,9.985782609,1.189634783,9.899130435,0.115826087
Pheidole_fervida,Myrmicinae,4636.00,43,"Ito & Higashi, 1990",1,12.26200752,8.521157895,12.91015038,0.799857143,129.3524436,97.00063158,100.6139098,0.772240602,9.322150376,1.392120301,9.336090226,0.148240602
Pheidole_floridana,Myrmicinae,1000.00,1,"King & Porter, 2007",1,20.89690323,5.568241935,21.27419355,0.277048387,105.6886129,68.21158065,92.69193548,0.667016129,11.59583871,1.386822581,11.56935484,0.119967742
Pheidole_metallescens,Myrmicinae,1000.00,1,"King & Porter, 2007",1,19.34925,6.67305,19.6953125,0.3556125,88.32623125,54.79375625,78.625,0.666575,12.760025,1.4873,12.728125,0.11690625
Pheidole_moerens,Myrmicinae,600.00,1,"King & Porter, 2007",1,24.03361905,1.389142857,24.18095238,0.058095238,135.768381,78.57214286,124.2571429,0.587619048,10.3057619,0.74952381,10.27142857,0.074666667
Pheidole_morrisii,Myrmicinae,2500.00,1,"King & Porter, 2007",1,17.79908553,6.762243421,18.08848684,0.417868421,104.7440263,60.33748684,95.18026316,0.579486842,12.10055263,1.446414474,12.07993421,0.120171053
Pheidole_obtusospinosa,Myrmicinae,1783.00,6,"Huang & Wheeler, 2011",1,18.53102128,5.033521277,18.78244681,0.290478723,46.83314894,52.07576596,23.76542553,1.121861702,16.08502128,2.231276596,16.27659574,0.139670213
Pheidole_pallidula,Myrmicinae,5533.33,3,"Beckers, 1989; Kaspari & Vargo, 1995; Fjerdingstad & Crozier, 2006",1,13.7434788,6.372577739,13.28321555,0.50344523,57.65817138,41.54629152,49.18621908,0.757577739,10.18247173,1.854750883,10.2590106,0.182600707
Pheidole_rhea,Myrmicinae,33574.00,5,"Huang & Wheeler, 2011",1,17.63417073,6.332170732,17.6902439,0.386170732,37.79156098,43.493,20.29268293,1.130853659,16.32880488,2.095,16.4695122,0.129829268
Pheidole_spadonia,Myrmicinae,1221.00,5,"Huang & Wheeler, 2011",1,19.24538889,6.7255,19.18888889,0.363555556,30.01222222,33.86811111,17.11666667,1.123333333,16.49361111,2.126666667,16.61111111,0.128777778
Pheidole_tepicana,Myrmicinae,22337.00,1,"Huang & Wheeler, 2011",1,20.16533898,5.297567797,20.62669492,0.273644068,58.74305085,56.34967797,37.04110169,0.966076271,14.0764661,1.880101695,14.14576271,0.13309322
Pheidole_zeteki,Myrmicinae,81.00,2,"Kaspari & Vargo, 1995",1,25.80983333,0.904333333,25.83333333,0.035166667,210.7715,123.7226667,218.4083333,0.586666667,8.670333333,1.154333333,8.366666667,0.133666667
Platythyrea_conradti,Ponerinae,400.00,1,"Holldobler & Wilson, 1990",0,25.55172727,1.165545455,25.62727273,0.045909091,135.5694091,94.24518182,131.9272727,0.708681818,9.131772727,1.3895,9.061363636,0.147181818
Platythyrea_parallela,Ponerinae,50.00,1,"Holldobler & Wilson, 1990",0,23.75214414,1.947468468,24.00990991,0.095882883,172.3006577,106.8809189,150.4972973,0.694621622,10.15420721,1.442108108,10.0990991,0.139432432
Plectroctena_mandibularis,Ponerinae,155.50,1,"Villet, 1990",0,18.97421622,3.182662162,19.54594595,0.177709459,63.12412838,59.11548649,44.92837838,0.95697973,13.20498649,1.78502027,13.0902027,0.134959459
Pogonomyrmex_badius,Myrmicinae,4146.28,57,"Holldobler & Wilson, 1990; King &Porter, 2007; Smith et al., 2007; Beckers et al., 1989; Behrmann et al., 2010; Holbrook et al., 2007; Tschinkel, 2011; Bertelsmeier et al., 2013",1,19.18263514,6.278905405,19.41452703,0.34027027,112.0612838,64.00214865,102.4239865,0.576074324,12.19554054,1.429168919,12.16081081,0.117689189
Pogonomyrmex_californicus,Myrmicinae,4533.00,11,"Holldobler & Wilson, 1990; Beckers et al., 1989",0,16.06012937,6.892118881,15.80314685,0.488073427,23.47601399,25.82579021,14.33339161,1.13177972,15.91438112,2.010363636,16.02395105,0.12670979
Pogonomyrmex_carbonarius,Myrmicinae,450.00,1,"Holldobler & Wilson, 1990",0,9.948923077,4.844076923,9.923076923,0.529615385,54.74638462,49.28776923,38.72692308,0.907923077,13.07192308,1.912846154,13.45384615,0.149
Pogonomyrmex_coarctatus,Myrmicinae,2000.00,1,"Antwiki, 2020",1,16.73797297,4.951216216,16.63378378,0.301891892,71.14472973,46.70836486,62.13581081,0.699067568,12.14933784,1.357486486,12.25878378,0.112013514
Pogonomyrmex_desertorum,Myrmicinae,500.00,1,"Holldobler & Wilson, 1990",0,17.56396599,6.927068027,17.82414966,0.407380952,32.49483673,31.55963265,21.75680272,1.028653061,16.38696599,1.88922449,16.43333333,0.11577551
Pogonomyrmex_imberbiculus,Myrmicinae,22.86,11,"Bertelsmeier et al., 2013; Kaspari & Vargo, 1995",0,16.88363964,7.246986486,17.06689189,0.452342342,33.32237838,31.75781532,23.10765766,1.001918919,16.05098649,1.875882883,16.11689189,0.117184685
Pogonomyrmex_inermis,Myrmicinae,432.67,3,"Holbrook et al., 2007; Behrmann et al., 2010",0,15.5238,5.3798,15.66,0.35836,36.04984,32.29472,27.314,0.94996,13.75276,1.247,13.836,0.09144
Pogonomyrmex_laticeps,Myrmicinae,45.00,1,"Holldobler & Wilson, 1990",0,16.75359259,5.267,17.32962963,0.322740741,34.75618519,33.876,23.17777778,0.978296296,14.00114815,1.558,13.97777778,0.111037037
Pogonomyrmex_lobatus,Myrmicinae,2000.00,1,"Antwiki, 2020",1,18.77357895,4.628105263,18.75526316,0.248947368,85.26636842,54.03389474,74.91315789,0.675947368,11.83515789,1.195368421,11.87105263,0.101105263
Pogonomyrmex_longibarbis,Myrmicinae,250.00,1,"Holldobler & Wilson, 1990",0,11.0608,3.924,11.82,0.4212,32.0568,32.2159,19.055,0.9876,14.5934,2.1258,14.56,0.1449
Pogonomyrmex_magnacanthus,Myrmicinae,162.50,1,"Kaspari & Vargo, 1995",0,18.62463636,7.564,18.27727273,0.426863636,15.24586364,18.51631818,8.320454545,1.232159091,15.68584091,1.748522727,15.82045455,0.111931818
Pogonomyrmex_maricopa,Myrmicinae,400.00,2,"Weier et al., 1995",0,16.53095367,7.316501931,16.66621622,0.491683398,30.99079537,30.56344402,20.68166023,1.01684556,16.32246718,1.979478764,16.41389961,0.122335907
Pogonomyrmex_mayri,Myrmicinae,603.00,8,"Holldobler & Wilson, 1990",0,26.814,0.77225,26.80833333,0.028833333,120.1311667,91.59741667,112.8958333,0.796833333,10.07008333,1.22425,9.966666667,0.121333333
Pogonomyrmex_mendozanus,Myrmicinae,615.00,2,"Behrmann et al., 2010",0,16.7912,5.8176,17.02,0.3477,19.8353,22.0874,12.245,1.1492,14.5317,1.0796,14.64,0.0744
Pogonomyrmex_montanus,Myrmicinae,1665.00,70,"Kaspari & Vargo, 1995",0,15.26877778,5.783222222,14.58333333,0.384777778,29.78044444,41.32522222,12.82222222,1.388111111,14.506,1.982,14.63333333,0.138777778
Pogonomyrmex_occidentalis,Myrmicinae,2937.00,44,"Holldobler & Wilson, 1990; Lavigne, 1969",0,9.990979058,8.627703316,10.08106457,3.631425829,34.48470506,28.53458464,26.70296684,0.827776614,16.13431239,2.20490925,16.16300175,0.138020942
Pogonomyrmex_pima,Myrmicinae,250.50,60,"Johnson et al., 2007",0,19.42817391,6.738913043,19.38695652,0.365543478,28.03963043,30.91819565,16.60326087,1.114782609,16.12097826,2.032652174,16.22065217,0.126695652
Pogonomyrmex_rastratus,Myrmicinae,997.00,2,"Behrmann et al., 2010",0,13.60341667,5.066694444,13.89861111,0.391194444,28.96647222,27.82133333,20.10694444,0.9755,14.07644444,1.502083333,14.15,0.106111111
Pogonomyrmex_salinus,Myrmicinae,2913.32,37,"Porter & Jorgensen, 1981; Gaglio et al., 1998",0,8.372591195,8.312257862,8.144025157,1.174654088,28.05556604,22.34472327,22.73805031,0.784477987,15.52399371,3.12909434,15.62106918,0.204660377
Pogonomyrmex_subnitidus,Myrmicinae,5934.00,26,"Kaspari & Vargo, 1995",0,13.7444,6.282644444,13.23888889,0.499333333,30.23237778,39.38957778,14.17555556,1.275355556,14.655,2.099733333,14.78444444,0.142911111
Polyrhachis_australis,Formicinae,92.54,182,"Fjerdingstad & Crozier, 2006; Downes, 2015",0,22.3916,3.2998,23.08,0.1499,121.5485,136.5997,69.45,1.1417,10.2791,1.628,10.16,0.1591
Polyrhachis_debilis,Formicinae,325.00,3,"Holldobler & Wilson, 1990",0,24.35955556,1.779777778,24.73333333,0.075333333,195.7597778,149.0423333,151.6722222,0.810222222,9.124,1.057888889,9.177777778,0.117111111
Polyrhachis_dives,Formicinae,1000000.00,1,"Holldobler & Wilson, 1990",0,24.4144625,2.09306875,24.7559375,0.09780625,176.9165313,114.9348313,152.944375,0.70271875,9.37386875,1.342125,9.2484375,0.14059375
Polyrhachis_illaudata,Formicinae,411.50,1,"Liefke et al., 1998",0,24.7677438,2.109446281,25.10702479,0.106545455,169.0483058,114.8739174,146.8429752,0.724719008,9.62707438,1.532545455,9.471900826,0.157338843
Polyrhachis_limbata,Formicinae,100.00,1,"Wilson, 1959",0,25.08977778,0.648,25.2,0.026666667,246.946,96.38922222,235.8722222,0.388555556,8.533111111,0.766333333,8.7,0.093777778
Polyrhachis_spinifera,Formicinae,150.00,1,"Wilson, 1959",0,25.996,0.6956,26.12,0.027,187.9568,78.174,178.09,0.4344,8.804,0.5666,8.86,0.0658
Ponera_exotica,Ponerinae,50.00,1,"King & Porter, 2007",0,18.54421951,5.982073171,18.83231707,0.338853659,107.9535732,69.62747561,92.34939024,0.648768293,12.50267073,1.50054878,12.45670732,0.119939024
Ponera_pennsylvanica,Ponerinae,17.50,2,"Shik, 2008; Geraghty et al., 2007",0,11.91138969,8.834697262,12.37584541,0.921334944,89.43880676,45.97245733,82.30595813,0.524956522,12.00922866,1.662975845,12.07826087,0.140188406
Prenolepis_imparis,Formicinae,3287.02,43,"Holldobler & Wilson, 1990; Lynch et al., 1980; Kaspari & Vargo, 1995",0,13.43966813,7.909748538,13.72872807,0.678260234,84.64252632,50.46821199,74.13830409,0.650269006,12.6486038,1.79277924,12.71937135,0.142763158
Prionopelta_amabilis,Amblyoponinae,377.00,5,"Holldobler & Wilson, 1990; Kaspari & Vargo, 1995",0,22.78013462,0.992423077,22.89038462,0.04375,208.6752115,130.6520962,190.9432692,0.635230769,9.636423077,1.000788462,9.477884615,0.102653846
Prionopelta_kraepelini,Amblyoponinae,90.00,1,"Ito & Billen, 1998",0,24.86213636,0.902409091,24.91818182,0.039136364,219.3337727,107.1577727,203.4886364,0.489681818,8.621272727,0.822227273,8.645454545,0.100272727
Prionopelta_opaca,Amblyoponinae,20.00,1,"Wilson, 1959",0,23.53152,0.92264,23.644,0.04652,237.28956,97.62344,225.112,0.4314,9.5184,0.76588,9.624,0.08304
Proatta_butteli,Myrmicinae,7750.00,2,"Holldobler & Wilson, 1990; Beckers et al., 1989",0,26.20876471,0.963735294,26.31176471,0.036323529,197.6587353,101.8435,186.7955882,0.555294118,9.163941176,1.163911765,9.076470588,0.124941176
Probolomyrmex_boliviensis,Proceratiinae,29.00,1,"Taylor, 1965",0,23.32651351,0.854189189,23.36891892,0.039945946,187.6932162,110.1772432,184.5810811,0.609702703,9.680540541,1.15872973,9.552702703,0.115864865
Probolomyrmex_dammermani,Proceratiinae,13.80,5,"Ito, 1998",0,25.07358333,1.219333333,25.29166667,0.05025,205.6636667,133.0441667,186.1458333,0.669916667,9.522416667,1.281416667,9.383333333,0.130583333
Proceratium_itoi,Proceratiinae,52.50,76,"Masuko, 2019",0,13.45231667,8.3255,13.99333333,0.648116667,138.4017333,100.27445,109.7733333,0.749433333,9.186166667,1.35005,9.205833333,0.1466
Proceratium_pergandei,Proceratiinae,26.50,2,"Geraghty et al., 2007; King & Porter, 2007",0,15.99923577,7.652439024,16.34146341,0.526463415,99.74760163,54.37543089,91.47195122,0.553406504,12.33760163,1.523764228,12.33130081,0.124081301
Proceratium_silaceum,Proceratiinae,28.00,1,"Kaspari & Vargo, 1995",0,15.28901807,7.633837349,15.59789157,0.578572289,104.3376506,56.44510843,95.20301205,0.533909639,12.10327711,1.529698795,12.10753012,0.127180723
Procryptocerus_scabriusculus,Myrmicinae,62.00,1,"Kaspari & Vargo, 1995",0,22.05369892,1.508376344,22.33655914,0.068548387,151.6748817,114.5854086,123.7639785,0.797021505,11.15783871,1.377741935,10.98978495,0.120967742
Proformica_korbi,Formicinae,133.00,2,"Tinaut et al., 2010",1,8.597117647,8.560941176,9.091176471,1.246294118,45.98817647,29.11694118,42.46470588,0.657470588,11.90047059,2.791470588,11.94705882,0.235705882
Pseudomyrmex_concolor,Pseudomyrmecinae,316.00,16,"Fonseca, 1993",0,26.58509677,0.725645161,26.55483871,0.027290323,206.6859677,111.4230968,189.0419355,0.557645161,9.056225806,0.984419355,8.972580645,0.109258065
Pseudomyrmex_ejectus,Pseudomyrmecinae,80.00,1,"King & Porter, 2007",0,21.64751707,4.418365854,22.01,0.217526829,122.2759317,86.066,103.7246341,0.71955122,11.48827317,1.363078049,11.4104878,0.117907317
Pseudomyrmex_elongatus,Pseudomyrmecinae,80.00,1,"King & Porter, 2007",0,23.75067811,1.523841202,23.9527897,0.066291845,148.7395665,108.613515,127.1401288,0.777240343,10.47474249,1.325150215,10.35987124,0.123459227
Pseudomyrmex_ferrugineus,Pseudomyrmecinae,300.00,11,"Clement et al., 2008",0,23.85901299,2.021461039,24.35194805,0.085850649,134.2111753,113.9477013,98.10649351,0.892077922,11.72216234,1.461467532,11.56461039,0.124045455
Pseudomyrmex_gracilis,Pseudomyrmecinae,80.00,12,"King & Porter, 2007; Clement et al., 2008",0,22.73394969,2.177716981,22.9961478,0.102177673,133.3291855,95.54456604,111.7738208,0.780575472,11.09571069,1.374819182,11.01407233,0.12147327
Pseudomyrmex_nigropilosus,Pseudomyrmecinae,228.00,1,"Debout et al., 2005",0,24.92947368,1.345473684,25.07631579,0.055263158,127.4158421,124.8854211,83.65789474,1.000842105,11.34857895,1.505421053,11.17368421,0.128368421
Pseudomyrmex_pallidus,Pseudomyrmecinae,30.00,1,"King & Porter, 2007",0,20.44410398,4.872553517,20.72018349,0.257382263,95.57512538,71.14604281,76.61544343,0.817562691,12.67265443,1.59175841,12.66605505,0.123862385
Pseudomyrmex_spinicola,Pseudomyrmecinae,10021.00,1,"Kaspari & Vargo, 1995",0,24.96573333,0.846844444,24.92,0.034422222,167.5126,122.9684444,165.3977778,0.761822222,8.369,0.7786,8.138888889,0.091044444
Pseudomyrmex_termitarius,Pseudomyrmecinae,137.50,2,"Beckers et al., 1989; Kaspari & Vargo, 1995",0,23.56135648,1.71212037,23.75648148,0.078157407,134.3529722,89.75280093,118.8398148,0.705935185,10.32786111,1.319736111,10.21736111,0.126597222
Pseudomyrmex_triplarinus,Pseudomyrmecinae,10000.00,1,"Beckers et al., 1989",0,22.67392063,1.484,22.97222222,0.074603175,140.8349365,89.28393651,128.1047619,0.697015873,11.63331746,1.635571429,11.43174603,0.139095238
Pseudoponera_stigma,Ponerinae,9.00,1,"Beckers et al., 1989",0,24.0372974,1.379624535,24.20204461,0.059933086,173.5431599,113.8176208,154.0200743,0.704260223,10.03018216,1.14839777,9.910408922,0.11264684
Rhytidoponera_araneoides,Ectatomminae,50.00,3,"Wilson, 1959",0,25.31630303,0.701121212,25.44242424,0.028030303,234.4022121,103.0945758,215.7575758,0.470606061,8.125636364,0.705181818,8.212121212,0.089030303
Rhytidoponera_laciniosa,Ectatomminae,133.33,3,"Wilson, 1959; Kaspari & Vargo, 1995",0,25.3984,0.7693,25.5,0.0308,233.8266,90.5315,229.445,0.3839,9.1681,0.6597,9.25,0.0733
Rhytidoponera_purpurea,Ectatomminae,1000.00,1,"Villet, 1990",0,22.45192,2.37532,22.936,0.10656,151.52668,125.89584,107.522,0.95448,10.43544,1.34468,10.428,0.13004
Sericomyrmex_amabilis,Myrmicinae,432.80,34,"Ferguson-Gow, 2014; Holldobler & Wilson, 1990; Shik et al., 2018",1,23.77609434,0.994018868,23.84811321,0.042226415,200.8907925,128.734,189.2235849,0.665396226,9.209528302,0.984150943,9.046226415,0.104207547
Sericomyrmex_mayri,Myrmicinae,945.50,1,"Holldobler & Wilson, 1990",1,25.46947253,1.089868132,25.51923077,0.044021978,166.9302857,114.1108462,148.6148352,0.726340659,10.0871978,1.399527473,9.835164835,0.135340659
Simopelta_pentadentata,Ponerinae,1000.00,1,"Kronauer et al., 2011",0,22.892,0.760333333,22.83333333,0.033333333,260.4233333,173.4706667,260.5833333,0.667333333,7.658333333,0.604666667,7.433333333,0.078666667
Simopelta_pergandei,Ponerinae,1000.00,1,"Kronauer et al., 2011",0,21.74963889,0.884833333,21.83472222,0.041805556,190.1798056,112.6411944,180.3930556,0.618611111,9.662083333,1.114555556,9.490277778,0.113194444
Solenopsis_fugax,Myrmicinae,250000.00,1,GAGA consortium,0,10.54150806,6.913602823,10.50877016,0.866360887,64.77087903,36.65387097,58.87116935,0.580504032,9.250415323,2.002290323,9.525907258,0.218197581
Solenopsis_globularia,Myrmicinae,50.00,1,"King & Porter, 2007",1,23.85082353,2.544537815,24.08193277,0.115563025,124.3585546,89.2802437,105.7613445,0.734529412,10.20689076,1.170495798,10.13277311,0.114588235
Solenopsis_molesta,Myrmicinae,80.00,1,"Bertelsmeier et al., 2013",0,12.06930759,8.342677763,12.35705726,3.355408788,65.47360053,41.83001731,56.3171771,0.708403462,13.51033555,1.941001332,13.55918775,0.145443409
Solenopsis_nickersoni,Myrmicinae,200.00,1,"King & Porter, 2007",0,21.9196129,4.746709677,22.37096774,0.218548387,114.1662581,76.61448387,99.64354839,0.671870968,11.51235484,1.408774194,11.50322581,0.122645161
Solenopsis_pergandei,Myrmicinae,10000.00,1,"King & Porter, 2007",0,19.09121667,6.252733333,19.31166667,0.340816667,107.7126333,62.61068333,98.05166667,0.60525,12.57688333,1.471633333,12.56,0.117733333
Solenopsis_picta,Myrmicinae,200.00,1,"King & Porter, 2007",0,20.56186486,5.822635135,20.92972973,0.292283784,107.0726622,67.59195946,94.31824324,0.647067568,11.78136486,1.402283784,11.74121622,0.119418919
Solenopsis_richteri,Myrmicinae,300000.00,1,"Bertelsmeier et al., 2013",1,18.24521212,4.230545455,18.3469697,0.246363636,90.1599697,53.57912121,81.62727273,0.661545455,11.80051515,1.333363636,11.79242424,0.112575758
Solenopsis_tennesseensis,Myrmicinae,200.00,1,"King & Porter, 2007",0,20.12744444,5.407233333,20.44166667,0.291311111,100.8414778,68.85351111,86.88611111,0.732544444,12.43393333,1.519777778,12.435,0.122311111
Solenopsis_tonsa,Myrmicinae,200.00,1,"King & Porter, 2007",0,20.10423077,6.008692308,20.33461538,0.300384615,119.8858462,68.65938462,110.4538462,0.575076923,12.06923077,1.467461538,12.08461538,0.121846154
Stenamma_brevicorne,Myrmicinae,70.00,10,"Kaspari & Vargo, 1995",0,9.746687898,9.435140127,10.23375796,1.071719745,81.73951592,39.5372293,76.08375796,0.492210191,11.49352229,1.779923567,11.62929936,0.156038217
Stenamma_debile,Myrmicinae,56.00,1,"Seifert, 2017",0,10.28208284,6.137201183,10.07292899,0.746168639,67.68806805,37.79352959,61.78653846,0.563017751,8.34954142,1.91610355,8.552071006,0.229757396
Stenamma_diecki,Myrmicinae,41.00,7,"Holldobler & Wilson, 1990",0,8.386314554,8.24357277,8.683098592,1.423295775,79.69596714,51.32707981,67.78873239,0.689333333,12.4233662,2.175568075,12.52934272,0.178258216
Stenamma_impar,Myrmicinae,54.00,8,"Kaspari & Vargo, 1995",0,11.37588421,8.792578947,11.72842105,0.844315789,90.43836842,42.85402105,84.73210526,0.474368421,11.72908421,1.626652632,11.81368421,0.139863158
Stenamma_meridionale,Myrmicinae,15.00,2,"Kaspari & Vargo, 1995",0,14.08529167,8.240875,14.37708333,0.605416667,97.3953125,48.56820833,90.69583333,0.500666667,12.35695833,1.494770833,12.33854167,0.121833333
Stenamma_schmittii,Myrmicinae,121.00,4,"Kaspari & Vargo, 1995",0,10.74280952,8.926714286,11.1672619,0.924535714,90.99833333,42.43510714,85.58095238,0.466583333,11.58264286,1.689083333,11.68690476,0.147833333
Stigmatomma_pallipes,Amblyoponinae,12.08,38,"Traniello, 1982; Beckers et al., 1989",0,13.08980716,8.154829201,13.40977961,0.777236915,91.38703581,49.59887328,82.89669421,0.566856749,12.23621488,1.64931405,12.28856749,0.136140496
Stigmatomma_pluto,Amblyoponinae,29.75,4,"Shik, 2008; Kaspari & Vargo, 1995",0,26.60575,1.08225,26.55,0.04075,114.34275,75.953,105.8625,0.65875,8.944,1.624,8.9,0.182
Stigmatomma_silvestrii,Amblyoponinae,12.24,91,"Masuko, 2003; Masuko, 2010",0,13.53838983,7.961067797,14.02118644,0.638983051,151.0159661,101.6085932,124.9830508,0.672135593,8.668542373,1.230508475,8.668644068,0.141288136
Strumigenys_clypeata,Myrmicinae,56.00,2,"Geraghty et al., 2007; King & Porter, 2007",0,16.89007317,7.256422764,17.19471545,0.470073171,104.8782114,57.01297561,96.35121951,0.542804878,12.24706504,1.479796748,12.22682927,0.121268293
Strumigenys_dietrichi,Myrmicinae,50.00,1,"King & Porter, 2007",0,16.93695,7.25929,17.2915,0.47945,105.2454,59.13003,95.894,0.55964,12.12197,1.52516,12.114,0.12655
Strumigenys_eggersi,Myrmicinae,50.00,1,"King & Porter, 2007",0,23.57298077,1.684891026,23.78717949,0.073826923,142.4634487,95.04987821,126.0814103,0.686564103,10.17433974,1.156916667,10.05929487,0.112416667
Strumigenys_emarginata,Myrmicinae,199.00,1,"Beckers et al., 1989",0,21.26522222,2.479222222,21.65,0.127944444,84.86888889,66.41783333,72.85,0.828944444,11.88305556,1.8645,11.73611111,0.156
Strumigenys_frivaldszkyi,Myrmicinae,15.00,1,"Holldobler & Wilson, 1990",0,25.18685714,0.734142857,25.3,0.029571429,232.5192857,94.19542857,232.75,0.406857143,9.048285714,0.639142857,9.114285714,0.072
Strumigenys_lewisi,Myrmicinae,79.30,82,"Ohkawara et al., 2017",0,13.12904587,8.465412844,13.78899083,0.702807339,130.646211,100.971156,99.97981651,0.807293578,9.263623853,1.380954128,9.286238532,0.149018349
Strumigenys_loriae,Myrmicinae,400.00,2,"Holldobler & Wilson, 1990",1,23.2679375,0.80275,23.3875,0.0351875,251.3545,108.669625,241.16875,0.4240625,9.8671875,0.798375,9.98125,0.083
Strumigenys_louisianae,Myrmicinae,90.00,1,"King & Porter, 2007",0,20.02526608,4.549119734,20.24955654,0.248605322,123.5102838,76.42768958,110.0325942,0.635771619,11.50394457,1.33867184,11.43015521,0.115769401
Strumigenys_lujae,Myrmicinae,57.00,1,"Beckers et al., 1989",0,22.6144717,1.305226415,22.75188679,0.060245283,116.4287736,83.65373585,105.9462264,0.742150943,10.479,1.413735849,10.34811321,0.135226415
Strumigenys_mayri,Myrmicinae,100.00,1,"Holldobler & Wilson, 1990",0,23.79877778,0.713777778,23.91666667,0.030555556,253.9996111,94.27822222,250.4027778,0.385833333,10.57277778,0.658388889,10.66111111,0.066888889
Strumigenys_mutica,Myrmicinae,72.00,1,"Geraghty et al., 2007",0,16.0824,6.4568,16.535,0.467133333,167.2725333,111.4889,142.0833333,0.676433333,8.295766667,1.198433333,8.29,0.145
Strumigenys_ornata,Myrmicinae,20.00,1,"Geraghty et al., 2007",0,16.99156757,7.284315315,17.24279279,0.45413964,107.5632748,57.46681081,99.18153153,0.53395045,12.43432883,1.48909009,12.40518018,0.120126126
Strumigenys_rostrata,Myrmicinae,72.00,1,"Geraghty et al., 2007",0,16.06910127,7.683044304,16.31550633,0.497272152,105.6200506,54.16263291,98.12563291,0.512189873,12.4788481,1.489974684,12.44620253,0.119651899
Strumigenys_serrula,Myrmicinae,78.00,78,"Beckers et al., 1989",0,24.41307895,1.085842105,24.45789474,0.0445,118.9513421,81.30839474,116.9460526,0.691078947,10.63336842,1.568605263,10.37105263,0.145710526
Strumigenys_talpa,Myrmicinae,50.00,1,"King & Porter, 2007",0,17.89273504,6.856051282,18.19145299,0.413786325,109.4686068,60.86845299,100.3504274,0.554700855,12.25938462,1.485555556,12.23547009,0.121529915
Strumigenys_truncatidens,Myrmicinae,133.00,1,"Beckers et al., 1989",0,19.61591667,1.224916667,19.74166667,0.064166667,92.96533333,73.5765,76.0375,0.810416667,11.69991667,1.48,11.59166667,0.126166667
Tapinoma_erraticum,Dolichoderinae,1000.00,1,"Beckers et al., 1989",0,11.0339319,6.362508961,10.81451613,1.303103943,66.55822939,38.24898746,60.3061828,0.59209319,9.165442652,1.977134409,9.392383513,0.217111111
Tapinoma_madeirense,Dolichoderinae,7000.00,1,"Parr et al., 2017",0,12.86532584,5.797505618,12.14269663,0.471505618,61.86383146,42.40795506,53.39775281,0.704550562,9.910966292,1.822786517,9.920224719,0.183123596
Tapinoma_minutum,Dolichoderinae,239.00,26,"Kaspari & Vargo, 1995",0,19.82059091,3.025,19.98863636,0.1785,132.0690909,95.18145455,106.6227273,0.7485,9.939090909,1.352681818,9.968181818,0.131772727
Tapinoma_simrothi,Dolichoderinae,65952.00,1,"Bertelsmeier et al., 2013",1,15.59800568,6.162897727,15.30568182,0.467443182,44.91296023,39.27041477,34.70142045,0.963602273,10.80085227,1.734806818,10.84261364,0.162835227
Tatuidris_tatusia,Agroecomyrmecinae,7.00,1,"Donoso, 2012",0,22.17228125,1.10246875,22.321875,0.051609375,174.5972656,122.9200156,154.1617188,0.72175,10.56426563,1.2170625,10.30234375,0.114625
Temnothorax_allardycei,Myrmicinae,60.00,1,"Cole et al., 1994",1,23.96666667,3.306,24.35555556,0.139,115.3073333,87.208,94.67777778,0.757,9.402777778,1.048,9.322222222,0.110444444
Temnothorax_ambiguus,Myrmicinae,40.00,18,"Blatrix & Herbers, 2003",0,8.370335294,9.737494118,8.978529412,0.890223529,77.86482941,37.28003529,72.18970588,0.495929412,11.17364706,1.817341176,11.31823529,0.163858824
Temnothorax_bradleyi,Myrmicinae,50.00,1,"King & Porter, 2007",0,18.78105263,6.300631579,18.98947368,0.351421053,115.4558421,63.894,106.6526316,0.553631579,12.47894737,1.484263158,12.45263158,0.119052632
Temnothorax_crassispinus,Myrmicinae,47.96,281,"Kramer et al., 2014",0,9.297203704,7.571438272,9.527777778,0.874111111,63.24487037,35.47971605,57.27469136,0.556592593,9.025580247,2.245740741,9.454012346,0.251660494
Temnothorax_curvispinosus,Myrmicinae,68.00,102,"Guenard et al., 2016",0,13.52227295,8.579724638,13.9147343,0.693838164,94.31163768,49.3312971,86.80809179,0.531736715,12.15519082,1.613070048,12.18949275,0.133842995
Temnothorax_longispinosus,Myrmicinae,24.32,1077,"Fjerdingstad & Crozier, 2006; Holldobler & Wilson 1990; Blatrix & Herbers, 2003; Geraghty et al., 2007; Kramer et al., 2014; Beckers et al., 1989",0,10.07195652,9.104801932,10.48357488,1.039589372,89.01208696,41.00489372,83.65362319,0.461067633,11.48071498,1.68505314,11.59903382,0.147922705
Temnothorax_nylanderi,Myrmicinae,54.08,1005,"Hammond & Keller, 2004; Kramer et al., 2014; Beckers et al., 1989",0,10.29707389,5.857051724,10.01366995,0.647524631,69.12628818,37.6137069,63.41009852,0.541216749,8.522522167,1.974428571,8.717980296,0.232923645
Temnothorax_palustris,Myrmicinae,50.00,1,"King & Porter, 2007",0,20.234,5.902,20.425,0.29175,120.3465,69.428,111.2,0.578,12.3565,1.536,12.4,0.1245
Temnothorax_pardoi,Myrmicinae,150.00,1,"Parr et al., 2017",0,13.34615789,5.909710526,12.41842105,0.474605263,57.15260526,43.89134211,47.81842105,0.796763158,10.71028947,2.190315789,10.63684211,0.204947368
Temnothorax_pergandei,Myrmicinae,51.73,26,"Heinze et al., 1995; King & Porter, 2007; Guenard et al., 2016",0,15.92312857,7.723857143,16.27107143,0.526964286,92.92009286,52.75541786,84.11589286,0.606278571,12.84212143,1.570221429,12.83160714,0.122928571
Temnothorax_rugatulus,Myrmicinae,234.10,71,"Rüppell et al. 2001; Rüppell et al., 1998; Bengston & Dornhaus, 2012; Negroni et al., 2021",0,8.798341991,7.81104329,8.724458874,35.38878355,44.012,37.63706061,33.55367965,0.847450216,14.9832987,2.675367965,15.02316017,0.186463203
Temnothorax_schaumii,Myrmicinae,88.00,2,"Bertelsmeier et al., 2013; Guenard et al., 2016",0,14.27840244,8.412239837,14.6804878,0.657707317,87.24431301,48.72271951,79.05670732,0.585963415,12.46732114,1.613861789,12.4902439,0.130682927
Temnothorax_texanus,Myrmicinae,50.00,1,"King & Porter, 2007",0,14.69937234,7.694202128,15.02765957,0.663425532,92.68291489,51.80706383,84.1962766,0.571319149,12.01553191,1.585329787,12.06276596,0.133648936
Temnothorax_tuscaloosae,Myrmicinae,54.50,19,"Guenard et al., 2016",0,16.30413043,7.505043478,16.41956522,0.465086957,107.9,54.08556522,100.8391304,0.500478261,12.6343913,1.443086957,12.57391304,0.114217391
Temnothorax_unifasciatus,Myrmicinae,66.83,58,"Brunner&Heinze, 2009; Hammond & Keller, 2004; Walter et al., 2011; Beckers et al., 1989",0,10.63142529,6.375652874,10.43931034,0.744117241,69.86264368,39.57854253,63.57275862,0.575158621,9.167135632,1.966252874,9.380229885,0.21503908
Terataner_alluaudi,Myrmicinae,27.00,7,"Kaspari & Vargo, 1995",0,23.07619048,1.701571429,23.53809524,0.076761905,158.33,124.4351905,109.7714286,0.823714286,8.930238095,0.67952381,8.888095238,0.074142857
Terataner_foreli,Myrmicinae,12.00,9,"Kaspari & Vargo, 1995",0,22.8544,1.8468,23.28,0.0818,188.1148,120.6222,155.12,0.6462,8.4968,0.4322,8.4,0.05
Tetramorium_bicarinatum,Myrmicinae,6272.00,1,GAGA consortium,0,23.79881667,2.569833333,24.21583333,0.1252,165.6991833,108.1908333,144.1716667,0.692,8.984883333,1.273783333,8.866666667,0.1381
Tetramorium_caespitum,Myrmicinae,10975.00,49,"Brian et al., 1967",0,9.63571399,6.970037306,9.552901554,1.230911917,66.28601244,38.01288394,60.03098446,0.58622487,8.991937824,1.989968912,9.19015544,0.224136788
Tetramorium_forte,Myrmicinae,10000.00,1,"Parr et al., 2017",0,13.87477358,5.880402516,13.07861635,0.441974843,54.28915094,43.68420755,44.1745283,0.813861635,10.46185535,1.977981132,10.39559748,0.188522013
Tetramorium_melleum,Myrmicinae,5000.00,2,"Holldobler & Wilson, 1990",0,23.14521739,0.979,23.32608696,0.042652174,234.0887391,102.907087,220.1934783,0.505217391,10.715,0.793391304,10.7826087,0.081086957
Tetramorium_semilaeve,Myrmicinae,5750.00,2,"Parr et al., 2017; Heatwole & Muir, 1991",0,14.16998621,6.030186207,13.51793103,0.488,55.68980345,41.93116552,46.79189655,0.78627931,9.99432069,1.770141379,10.0062069,0.177296552
Tetramorium_simillimum,Myrmicinae,300.00,1,"King & Porter, 2007",0,22.89689231,2.431692308,23.36538462,0.112553846,84.84386154,76.33646154,63.19,1.074076923,11.63673846,1.752415385,11.59307692,0.149630769
Tetramorium_spinosum,Myrmicinae,70.00,1,"Bertelsmeier et al., 2013",0,19.81513483,5.156292135,20.07921348,0.272522472,49.85003371,49.77075843,30.38117978,1.052865169,14.53493258,1.850719101,14.5988764,0.127657303
Tetraponera_rufonigra,Pseudomyrmecinae,24.00,1,GAGA consortium,0,25.52287755,2.3265,26.0372449,0.096586735,158.2733622,140.4136071,115.5252551,0.915673469,9.908872449,2.153443878,9.817602041,0.209806122
Trachymyrmex_arizonensis,Myrmicinae,1000.00,1,"Ferguson-Gow, 2014",0,17.15011429,6.438257143,17.08714286,0.394685714,32.76905714,35.9174,19.62571429,1.097228571,16.36451429,1.985571429,16.44142857,0.121285714
Trachymyrmex_carinatus,Myrmicinae,100.00,1,"Ferguson-Gow, 2014",0,17.80672727,6.524,17.80681818,0.384,39.20427273,39.0425,26.08863636,1.095818182,16.46127273,2.026590909,16.56590909,0.122772727
Trachymyrmex_pomonae,Myrmicinae,183.00,1,"Ferguson-Gow, 2014",0,17.1192,6.4224,17.12,0.3874,35.604,40.9366,19.72,1.1438,16.8618,2.184,16.97,0.1296
Trachymyrmex_septentrionalis,Myrmicinae,640.66,193,"Ferguson-Gow, 2014; Holldobler & Wilson, 1990; King & Porter, 2007",0,17.59605263,7.156915789,17.89947368,0.431968421,96.90231579,56.28494035,87.27859649,0.607270175,12.60984912,1.497863158,12.57894737,0.119077193
Trachymyrmex_smithi,Myrmicinae,652.50,4,"Ferguson-Gow, 2014",0,17.86167647,6.805264706,18.20147059,0.396882353,35.48738235,32.51761765,26.08676471,0.982176471,16.02997059,1.7855,16.05735294,0.111441176
Typhlomyrmex_rogenhoferi,Ectatomminae,1150.00,2,"Brown, 1965; GAGA consortium",0,22.8691828,1.319741935,23.0311828,0.061086022,180.847828,113.6434194,165.6016129,0.665451613,10.11696774,1.174698925,9.956989247,0.113193548
Veromessor_pergandei,Myrmicinae,26000.00,14,"Kwapich et al., 2017",1,18.39458462,6.834484615,18.06961538,0.386684615,22.77657692,26.99293077,12.73576923,1.248776923,15.35507692,1.882984615,15.51538462,0.123953846
Xenomyrmex_floridanus,Myrmicinae,50.00,1,"King & Porter, 2007",0,23.06805882,3.659333333,23.53137255,0.161078431,113.2919804,83.38807843,94.69607843,0.739411765,10.70582353,1.262980392,10.64117647,0.117627451